Label,Film,Mean,Region,Order,Section
C07-M02.tif:3032-4322,A,1450.34,LSr_d,1,a
C07-M02.tif:3036-4278,A,980.22,LSr_v,1,a
C07-M02.tif:3080-4300,A,1352.87,LSr_d,1,a
C07-M02.tif:3087-4270,A,900.57,LSr_v,1,a
C07-M02.tif:3051-4190,A,1372.75,DB,1,a
C07-M02.tif:3080-4178,A,1374.88,DB,1,a
C07-M02.tif:2958-4275,A,174.54,control,1,a
C07-M02.tif:2319-5473,A,1430.63,LSr_d,2,b
C07-M02.tif:2330-5423,A,999.07,LSr_v,2,b
C07-M02.tif:2379-5448,A,1480.83,LSr_d,2,b
C07-M02.tif:2389-5400,A,853.99,LSr_v,2,b
C07-M02.tif:2334-5314,A,1073.69,DB,2,b
C07-M02.tif:2389-5310,A,1205.64,DB,2,b
C07-M02.tif:2429-5383,A,202.53,control,2,b
C07-M02.tif:2341-5098,A,1394.53,LSr_d,3,c
C07-M02.tif:2346-5052,A,678.83,LSr_v,3,c
C07-M02.tif:2396-5062,A,1444.43,LSr_d,3,c
C07-M02.tif:2402-5014,A,769.21,LSr_v,3,c
C07-M02.tif:2396-4950,A,1207.82,DB,3,c
C07-M02.tif:2339-4962,A,1105.64,DB,3,c
C07-M02.tif:2299-5025,A,81.46,control,3,c
C07-M02.tif:1809-6190,A,1212.8,LSc,1,d
C07-M02.tif:1745-6132,A,1164.66,LSc,1,d
C07-M02.tif:1738-6024,A,1022.29,LPO,1,d
C07-M02.tif:1839-6016,A,957.15,LPO,1,d
C07-M02.tif:1856-6141,A,102.08,control,1,d
C07-M02.tif:1675-5854,A,1078.4,LSc,2,e
C07-M02.tif:1749-5840,A,1229.22,LSc,2,e
C07-M02.tif:1670-5796,A,1242.15,LPO,2,e
C07-M02.tif:1745-5772,A,1142.73,LPO,2,e
C07-M02.tif:1841-5843,A,223.18,control,2,e
C07-M02.tif:1813-5593,A,1398.14,LSc,3,f
C07-M02.tif:1816-5572,A,1330.92,LSc,3,f
C07-M02.tif:1704-5445,A,946.72,LPO,3,f
C07-M02.tif:1853-5430,A,821.9,LPO,3,f
C07-M02.tif:1705-5526,A,142.43,control,3,f
C07-M02.tif:2084-2054,A,1528.29,VTA,1,g
C07-M02.tif:2133-2055,A,246.16,control,1,g
C07-M02.tif:2119-1676,A,1535.27,VTA,2,h
C07-M02.tif:2169-1677,A,304.68,control,2,h
C07-M02.tif:2130-1306,A,1541.01,VTA,3,i
C07-M02.tif:2083-1327,A,424.33,control,3,i
C07-M04.tif:0659-6427,A,1385.6,LSr_d,1,a
C07-M04.tif:0709-6431,A,716.98,LSr_v,1,a
C07-M04.tif:0657-6491,A,1407.99,LSr_d,1,a
C07-M04.tif:0717-6494,A,688.69,LSr_v,1,a
C07-M04.tif:0526-5874,A,1493.46,DB,1,a
C07-M04.tif:0536-5929,A,1387.13,DB,1,a
C07-M04.tif:0511-5833,A,0,control,1,a
C07-M04.tif:1002-6424,A,1331.16,LSr_d,2,b
C07-M04.tif:1040-6422,A,909.94,LSr_v,2,b
C07-M04.tif:0989-6483,A,1423.07,LSr_d,2,b
C07-M04.tif:1050-6486,A,669.99,LSr_v,2,b
C07-M04.tif:0939-5871,A,1290.44,DB,2,b
C07-M04.tif:0936-5933,A,1373.33,DB,2,b
C07-M04.tif:0847-5813,A,2.71,control,2,b
C07-M04.tif:1346-6425,A,1420.72,LSr_d,3,c
C07-M04.tif:1396-6432,A,816.92,LSr_v,3,c
C07-M04.tif:1334-6490,A,1368.03,LSr_d,3,c
C07-M04.tif:1380-6492,A,549.14,LSr_v,3,c
C07-M04.tif:1296-5855,A,1325.13,DB,3,c
C07-M04.tif:1303-5926,A,1407.2,DB,3,c
C07-M04.tif:1246-5821,A,69.68,control,3,c
C07-M04.tif:0411-5874,A,1520.11,LSc,1,d
C07-M04.tif:0370-5941,A,1509.63,LSc,1,d
C07-M04.tif:0564-5228,A,1045.11,LPO,1,d
C07-M04.tif:0561-5298,A,853.76,LPO,1,d
C07-M04.tif:0536-5261,A,4.73,control,1,d
C07-M04.tif:0818-5866,A,1468,LSc,2,e
C07-M04.tif:0812-5932,A,1461.33,LSc,2,e
C07-M04.tif:0922-5212,A,966.19,LPO,2,e
C07-M04.tif:0920-5297,A,1066.56,LPO,2,e
C07-M04.tif:0888-5250,A,39.92,control,2,e
C07-M04.tif:1187-5842,A,1489.81,LSc,3,f
C07-M04.tif:1193-5909,A,1462.21,LSc,3,f
C07-M04.tif:1341-5298,A,1131.08,LPO,3,f
C07-M04.tif:1344-5218,A,1033.37,LPO,3,f
C07-M04.tif:1292-5251,A,6.43,control,3,f
C07-M04.tif:0834-1115,A,1451.92,VTA,1,g
C07-M04.tif:0802-1146,A,2.45,control,1,g
C07-M04.tif:1117-1124,A,1464.32,VTA,2,h
C07-M04.tif:1117-1082,A,44.28,control,2,h
C07-M04.tif:1459-1087,A,1501.94,VTA,3,i
C07-M04.tif:1444-1058,A,67.13,control,3,i
C11-M03.tif:2103-2274,A,1470.11,LSr_d,1,a
C11-M03.tif:2109-2309,A,1250.05,LSr_v,1,a
C11-M03.tif:2062-2271,A,1500.21,LSr_d,1,a
C11-M03.tif:2053-2310,A,1265.16,LSr_v,1,a
C11-M03.tif:2094-2372,A,1363.09,DB,1,a
C11-M03.tif:2058-2373,A,1361.81,DB,1,a
C11-M03.tif:1998-2320,A,504.31,control,1,a
C11-M03.tif:2091-2593,A,1521.4,LSr_d,2,b
C11-M03.tif:2095-2631,A,1227.6,LSr_v,2,b
C11-M03.tif:2044-2599,A,1525.33,LSr_d,2,b
C11-M03.tif:2034-2635,A,1229.28,LSr_v,2,b
C11-M03.tif:2031-2730,A,1410.16,DB,2,b
C11-M03.tif:2098-2715,A,1331.6,DB,2,b
C11-M03.tif:1961-2643,A,518.24,control,2,b
C11-M03.tif:2070-2914,A,1483.3,LSr_d,3,c
C11-M03.tif:2026-2914,A,1476.02,LSr_v,3,c
C11-M03.tif:2013-2955,A,1195.16,LSr_d,3,c
C11-M03.tif:2074-2964,A,1049.09,LSr_v,3,c
C11-M03.tif:2074-3050,A,1262.28,DB,3,c
C11-M03.tif:2005-3055,A,1307.58,DB,3,c
C11-M03.tif:1968-2973,A,337.17,control,3,c
C11-M03.tif:2936-2124,A,1506.56,LSc,1,d
C11-M03.tif:2872-2124,A,1501.2,LSc,1,d
C11-M03.tif:2859-2225,A,1222.9,LPO,1,d
C11-M03.tif:2954-2226,A,1219.2,LPO,1,d
C11-M03.tif:2813-2123,A,408.17,control,1,d
C11-M03.tif:2936-2387,A,1514.29,LSc,2,e
C11-M03.tif:2887-2379,A,1512.62,LSc,2,e
C11-M03.tif:2826-2562,A,1214.21,LPO,2,e
C11-M03.tif:2970-2532,A,1274.98,LPO,2,e
C11-M03.tif:2787-2466,A,528.45,control,2,e
C11-M03.tif:2873-2748,A,1487.5,LSc,3,f
C11-M03.tif:2917-2762,A,1496.69,LSc,3,f
C11-M03.tif:2826-2920,A,1426.54,LPO,3,f
C11-M03.tif:2946-2918,A,1259.48,LPO,3,f
C11-M03.tif:2886-2873,A,511.52,control,3,f
C11-M03.tif:5819-2383,A,1455.32,VTA,1,g
C11-M03.tif:5769-2328,A,835.49,control,1,g
C11-M03.tif:5793-3005,A,1383.61,VTA,2,h
C11-M03.tif:5742-2929,A,804.05,control,2,h
C11-M03.tif:5833-3004,A,1437.96,VTA,3,i
C11-M03.tif:5854-2937,A,797.02,control,3,i
C12-M01.tif:4516-4411,A,1432.27,LSr_d,1,a
C12-M01.tif:4503-4456,A,1090.27,LSr_v,1,a
C12-M01.tif:4460-4403,A,1437.74,LSr_d,1,a
C12-M01.tif:4437-4453,A,1142.32,LSr_v,1,a
C12-M01.tif:4429-4515,A,1347.12,DB,1,a
C12-M01.tif:4509-4510,A,1298.39,DB,1,a
C12-M01.tif:4404-4401,A,226.23,control,1,a
C12-M01.tif:4468-4776,A,1493.72,LSr_d,2,b
C12-M01.tif:4457-4819,A,1103.52,LSr_v,2,b
C12-M01.tif:4523-4781,A,1382.48,LSr_d,2,b
C12-M01.tif:4522-4827,A,878.13,LSr_v,2,b
C12-M01.tif:4452-4901,A,1229.14,DB,2,b
C12-M01.tif:4528-4913,A,1261.94,DB,2,b
C12-M01.tif:4382-4825,A,286.68,control,2,b
C12-M01.tif:4534-5144,A,1390.4,LSr_d,3,c
C12-M01.tif:4530-5171,A,937.87,LSr_v,3,c
C12-M01.tif:4479-5145,A,1387.64,LSr_d,3,c
C12-M01.tif:4465-5209,A,1012.3,LSr_v,3,c
C12-M01.tif:4540-5320,A,1264.74,DB,3,c
C12-M01.tif:4456-5311,A,1143.98,DB,3,c
C12-M01.tif:4430-5253,A,373.3,control,3,c
C12-M01.tif:4426-5855,A,1499.36,LSc,1,d
C12-M01.tif:4482-5857,A,1489.74,LSc,1,d
C12-M01.tif:5149-5080,A,929.22,LPO,1,d
C12-M01.tif:5267-5067,A,1209,LPO,1,d
C12-M01.tif:4367-5856,A,272.51,control,1,d
C12-M01.tif:5159-4247,A,1493.68,LSc,2,e
C12-M01.tif:5157-4298,A,1448.24,LSc,2,e
C12-M01.tif:5106-4397,A,1115.54,LPO,2,e
C12-M01.tif:5240-4394,A,1001.65,LPO,2,e
C12-M01.tif:5102-4331,A,366.28,control,2,e
C12-M01.tif:5157-4570,A,1398.44,LSc,3,f
C12-M01.tif:5152-4636,A,1431.17,LSc,3,f
C12-M01.tif:5108-4716,A,937.84,LPO,3,f
C12-M01.tif:5258-4722,A,903.4,LPO,3,f
C12-M01.tif:5131-4687,A,168.19,control,3,f
C12-M01.tif:3877-2041,A,1522.77,VTA,1,g
C12-M01.tif:3837-2023,A,603.6,control,1,g
C12-M01.tif:3924-2363,A,1523.52,VTA,2,h
C12-M01.tif:3889-2352,A,595.09,control,2,h
C12-M01.tif:4114-2636,A,1524.72,VTA,3,i
C12-M01.tif:4081-2608,A,410.15,control,3,i
C12-M03.tif:04105-01626,A,1527.33,LSr_d,1,a
C12-M03.tif:04054-01625,A,1490.49,LSr_v,1,a
C12-M03.tif:04047-01690,A,1011,LSr_d,1,a
C12-M03.tif:04104-01690,A,1039.65,LSr_v,1,a
C12-M03.tif:04048-01782,A,1429.92,DB,1,a
C12-M03.tif:04122-01785,A,1434.84,DB,1,a
C12-M03.tif:04007-01666,A,87.7,control,1,a
C12-M03.tif:04088-02034,A,1497.55,LSr_d,2,b
C12-M03.tif:04037-02036,A,1503.77,LSr_v,2,b
C12-M03.tif:04026-02097,A,1151.62,LSr_d,2,b
C12-M03.tif:04082-02098,A,1061.58,LSr_v,2,b
C12-M03.tif:04037-01405,A,1478.21,DB,2,b
C12-M03.tif:04093-01403,A,1379.85,DB,2,b
C12-M03.tif:04116-02042,A,103.08,control,2,b
C12-M03.tif:04120-02447,A,1524.64,LSr_d,3,c
C12-M03.tif:04061-02417,A,1494.24,LSr_v,3,c
C12-M03.tif:04056-02496,A,1044.7,LSr_d,3,c
C12-M03.tif:04118-02496,A,1234.42,LSr_v,3,c
C12-M03.tif:04133-02578,A,1440.37,DB,3,c
C12-M03.tif:04081-02566,A,1397.9,DB,3,c
C12-M03.tif:04154-02501,A,248.09,control,3,c
C12-M03.tif:04572-00860,A,1514.24,LSc,1,d
C12-M03.tif:04632-00918,A,1504.93,LSc,1,d
C12-M03.tif:04556-01023,A,1372.05,LPO,1,d
C12-M03.tif:04642-01017,A,1419.59,LPO,1,d
C12-M03.tif:04519-00914,A,242.24,control,1,d
C12-M03.tif:04573-01255,A,1520.09,LSc,2,e
C12-M03.tif:04635-01256,A,1480.86,LSc,2,e
C12-M03.tif:04542-01446,A,1290.9,LPO,2,e
C12-M03.tif:04643-01446,A,1348.03,LPO,2,e
C12-M03.tif:04517-01351,A,321.05,control,2,e
C12-M03.tif:04567-01329,A,1519.26,LSc,3,f
C12-M03.tif:04634-01334,A,1508.61,LSc,3,f
C12-M03.tif:04522-01416,A,1359.99,LPO,3,f
C12-M03.tif:04668-01415,A,1412.95,LPO,3,f
C12-M03.tif:04494-01378,A,355.61,control,3,f
C12-M03.tif:10253-00932,A,1508.29,VTA,1,g
C12-M03.tif:10220-00930,A,472.97,control,1,g
C12-M03.tif:09139-02654,A,1535.08,VTA,2,h
C12-M03.tif:09111-02641,A,267.28,control,2,h
C12-M03.tif:09145-02073,A,1514.42,VTA,3,i
C12-M03.tif:09114-02043,A,137.92,control,3,i
C73-M04.tif:2148-1356,A,1539.37,LSr_d,1,a
C73-M04.tif:2078-1345,A,1533.26,LSr_v,1,a
C73-M04.tif:2144-1403,A,1282.38,LSr_d,1,a
C73-M04.tif:2085-1392,A,1264.83,LSr_v,1,a
C73-M04.tif:2130-1471,A,1492.71,DB,1,a
C73-M04.tif:2077-1483,A,1441.7,DB,1,a
C73-M04.tif:2187-1360,A,539.41,control,1,a
C73-M04.tif:2169-1713,A,1544.41,LSr_d,2,b
C73-M04.tif:2104-1687,A,1537.06,LSr_v,2,b
C73-M04.tif:2111-1745,A,1303.63,LSr_d,2,b
C73-M04.tif:2169-1754,A,1360.26,LSr_v,2,b
C73-M04.tif:2118-1813,A,1484.39,DB,2,b
C73-M04.tif:2157-1818,A,1478.71,DB,2,b
C73-M04.tif:2066-1766,A,519.49,control,2,b
C73-M04.tif:2172-2041,A,1544.29,LSr_d,3,c
C73-M04.tif:2100-2027,A,1530.87,LSr_v,3,c
C73-M04.tif:2112-2085,A,1417.72,LSr_d,3,c
C73-M04.tif:2166-2100,A,1342.08,LSr_v,3,c
C73-M04.tif:2102-2183,A,1416.13,DB,3,c
C73-M04.tif:2163-2175,A,1492.89,DB,3,c
C73-M04.tif:2066-2079,A,544.78,control,3,c
C73-M04.tif:2479-1230,A,1510.35,LSc,1,d
C73-M04.tif:2467-1303,A,1484.37,LSc,1,d
C73-M04.tif:2609-1321,A,1459.25,LPO,1,d
C73-M04.tif:2570-1395,A,1451.49,LPO,1,d
C73-M04.tif:2449-1383,A,377.61,control,1,d
C73-M04.tif:2549-1847,A,1524.41,LSc,2,e
C73-M04.tif:2481-1865,A,1436.28,LSc,2,e
C73-M04.tif:2604-1953,A,1509.35,LPO,2,e
C73-M04.tif:2549-1984,A,1487.62,LPO,2,e
C73-M04.tif:2528-1780,A,375.65,control,2,e
C73-M04.tif:2543-2277,A,1539.6,LSc,3,f
C73-M04.tif:2542-2264,A,1516.01,LSc,3,f
C73-M04.tif:2455-2385,A,1391.52,LPO,3,f
C73-M04.tif:2501-2366,A,1340.69,LPO,3,f
C73-M04.tif:2464-2243,A,405.01,control,3,f
C73-M04.tif:6548-1538,A,1417.29,VTA,1,g
C73-M04.tif:6559-1469,A,567.82,control,1,g
C73-M04.tif:5888-2656,A,1379.95,VTA,2,h
C73-M04.tif:5926-2612,A,548.47,control,2,h
C73-M04.tif:5891-2337,A,1298.34,VTA,3,i
C73-M04.tif:5990-2396,A,252.53,control,3,i
C74-M12.tif:5023-1805,A,1514.54,LSr_d,1,a
C74-M12.tif:5020-1765,A,1147.6,LSr_v,1,a
C74-M12.tif:5067-1806,A,1523.89,LSr_d,1,a
C74-M12.tif:5073-1767,A,1220.58,LSr_v,1,a
C74-M12.tif:5027-1682,A,1338.43,DB,1,a
C74-M12.tif:5076-1681,A,1462.22,DB,1,a
C74-M12.tif:4969-1770,A,447.1,control,1,a
C74-M12.tif:5059-1152,A,1516.83,LSr_d,2,b
C74-M12.tif:5063-1116,A,1229.73,LSr_v,2,b
C74-M12.tif:5014-1147,A,1466.32,LSr_d,2,b
C74-M12.tif:5006-1107,A,821.77,LSr_v,2,b
C74-M12.tif:4996-1019,A,1518.99,DB,2,b
C74-M12.tif:5063-1007,A,1519.5,DB,2,b
C74-M12.tif:5105-1120,A,547.14,control,2,b
C74-M12.tif:4461-2838,A,1480.4,LSr_d,3,c
C74-M12.tif:4456-2792,A,1083.82,LSr_v,3,c
C74-M12.tif:4511-2840,A,1489.36,LSr_d,3,c
C74-M12.tif:4510-2793,A,1169.2,LSr_v,3,c
C74-M12.tif:4430-2691,A,1399.94,DB,3,c
C74-M12.tif:4525-2698,A,1368.29,DB,3,c
C74-M12.tif:4408-2822,A,304.5,control,3,c
C74-M12.tif:4505-1775,A,1499.73,LSc,1,d
C74-M12.tif:4456-1800,A,1491.91,LSc,1,d
C74-M12.tif:4430-1638,A,1116.61,LPO,1,d
C74-M12.tif:4537-1636,A,1284.81,LPO,1,d
C74-M12.tif:4406-1736,A,325.81,control,1,d
C74-M12.tif:4477-1418,A,1468.23,LSc,2,e
C74-M12.tif:4440-1411,A,1459.84,LSc,2,e
C74-M12.tif:4475-1245,A,1365.82,LPO,2,e
C74-M12.tif:4390-1260,A,1276.01,LPO,2,e
C74-M12.tif:4382-1388,A,392.82,control,2,e
C74-M12.tif:4423-1042,A,1544.39,LSc,3,f
C74-M12.tif:4485-1045,A,1546.02,LSc,3,f
C74-M12.tif:4413-0943,A,1539.49,LPO,3,f
C74-M12.tif:4501-0952,A,1535.33,LPO,3,f
C74-M12.tif:4386-1083,A,828.87,control,3,f
C74-M12.tif:0800-0722,A,1413.56,VTA,1,g
C74-M12.tif:0762-0796,A,366.95,control,1,g
C74-M12.tif:0307-2455,A,1467.14,VTA,2,h
C74-M12.tif:0301-2530,A,375.22,control,2,h
C74-M12.tif:0320-2151,A,1445.07,VTA,3,i
C74-M12.tif:0336-2208,A,250.8,control,3,i
C83-M11_Second.tif:VTA,A,1496.91,VTA,1,g
C83-M11_Second.tif:control,A,288.86,control,1,g
C83-M11_Second.tif:VTA,A,1528.61,VTA,2,h
C83-M11_Second.tif:control,A,201.99,control,2,h
C83-M11_Second.tif:VTA-3,A,1517.06,VTA,3,i
C83-M11_Second.tif:control-3,A,387.77,control,3,i
C06-M01.tif:2694-4586,B,1631.46,LSr_d,1,a
C06-M01.tif:2686-4547,B,1443.63,LSr_v,1,a
C06-M01.tif:2745-4580,B,1629.03,LSr_d,1,a
C06-M01.tif:2753-4546,B,1422.03,LSr_v,1,a
C06-M01.tif:2754-4444,B,1634.21,DB,1,a
C06-M01.tif:2681-4452,B,1628.57,DB,1,a
C06-M01.tif:2813-4525,B,724.24,control,1,a
C06-M01.tif:2694-4282,B,1635.85,LSr_d,2,b
C06-M01.tif:2690-4238,B,1400.38,LSr_v,2,b
C06-M01.tif:2748-4282,B,1631.18,LSr_d,2,b
C06-M01.tif:2761-4242,B,1481.3,LSr_v,2,b
C06-M01.tif:2749-4147,B,1605.75,DB,2,b
C06-M01.tif:2693-4141,B,1598.59,DB,2,b
C06-M01.tif:2664-4237,B,744.21,control,2,b
C06-M01.tif:2718-3915,B,1653.74,LSr_d,3,c
C06-M01.tif:2714-3873,B,1571.28,LSr_v,3,c
C06-M01.tif:2775-3913,B,1657.88,LSr_d,3,c
C06-M01.tif:2779-3867,B,1555.56,LSr_v,3,c
C06-M01.tif:2794-3764,B,1555.95,DB,3,c
C06-M01.tif:2711-3760,B,1565.12,DB,3,c
C06-M01.tif:2674-3866,B,722.4,control,3,c
C06-M01.tif:2108-4511,B,1660.77,LSc,1,d
C06-M01.tif:2044-4488,B,1658.65,LSc,1,d
C06-M01.tif:2060-4347,B,1536.76,LPO,1,d
C06-M01.tif:2152-4352,B,1562.76,LPO,1,d
C06-M01.tif:1977-4447,B,609.25,control,1,d
C06-M01.tif:2053-4126,B,1660.55,LSc,2,e
C06-M01.tif:1988-4123,B,1661.12,LSc,2,e
C06-M01.tif:1967-3959,B,1607.46,LPO,2,e
C06-M01.tif:2099-3963,B,1591.11,LPO,2,e
C06-M01.tif:2027-4005,B,608.6,control,2,e
C06-M01.tif:2056-3773,B,1661.47,LSc,3,f
C06-M01.tif:1987-3770,B,1661.25,LSc,3,f
C06-M01.tif:1989-3615,B,1532.68,LPO,3,f
C06-M01.tif:2115-3606,B,1486.41,LPO,3,f
C06-M01.tif:2171-3696,B,845.97,control,3,f
C06-M01.tif:1857-1092,B,1660.07,VTA,1,g
C06-M01.tif:1839-1114,B,853.65,control,1,g
C06-M01.tif:1855-1493,B,1661.84,VTA,2,h
C06-M01.tif:1858-1511,B,905.86,control,2,h
C06-M01.tif:1815-1804,B,1658.96,VTA,3,i
C06-M01.tif:1782-1809,B,899.84,control,3,i
C06-M05.tif:5345-4817,B,1661.94,LSr_d,1,a
C06-M05.tif:5338-4873,B,1599.05,LSr_v,1,a
C06-M05.tif:5408-4835,B,1661.58,LSr_d,1,a
C06-M05.tif:5405-4882,B,1609.16,LSr_v,1,a
C06-M05.tif:5342-4953,B,1644.21,DB,1,a
C06-M05.tif:5386-4951,B,1626.24,DB,1,a
C06-M05.tif:5304-4921,B,740.56,control,1,a
C06-M05.tif:5388-5165,B,1662.12,LSr_d,2,b
C06-M05.tif:5390-5210,B,1564.73,LSr_v,2,b
C06-M05.tif:5447-5169,B,1660.58,LSr_d,2,b
C06-M05.tif:5450-5216,B,1556.22,LSr_v,2,b
C06-M05.tif:5368-5309,B,1637.72,DB,2,b
C06-M05.tif:5426-5299,B,1591.3,DB,2,b
C06-M05.tif:5341-5239,B,748.47,control,2,b
C06-M05.tif:5386-5496,B,1661.99,LSr_d,3,c
C06-M05.tif:5381-5557,B,1538.49,LSr_v,3,c
C06-M05.tif:5434-5492,B,1658.72,LSr_d,3,c
C06-M05.tif:5438-5534,B,1634.11,LSr_v,3,c
C06-M05.tif:5388-5628,B,1625.89,DB,3,c
C06-M05.tif:5441-5623,B,1579.85,DB,3,c
C06-M05.tif:5504-5578,B,1035.53,control,3,c
C06-M05.tif:5870-4379,B,1586.02,LSc,1,d
C06-M05.tif:5936-4373,B,1633.97,LSc,1,d
C06-M05.tif:5873-4483,B,1487.45,LPO,1,d
C06-M05.tif:5969-4468,B,1491.32,LPO,1,d
C06-M05.tif:5798-4382,B,513.07,control,1,d
C06-M05.tif:5843-4716,B,1618.26,LSc,2,e
C06-M05.tif:5916-4716,B,1642.79,LSc,2,e
C06-M05.tif:5956-4800,B,1520.81,LPO,2,e
C06-M05.tif:5796-4813,B,1372.45,LPO,2,e
C06-M05.tif:5799-4746,B,499.16,control,2,e
C06-M05.tif:5973-5069,B,1617.53,LSc,3,f
C06-M05.tif:5898-5068,B,1602.42,LSc,3,f
C06-M05.tif:5889-5179,B,1536.83,LPO,3,f
C06-M05.tif:5978-5176,B,1593.71,LPO,3,f
C06-M05.tif:5863-5092,B,534.23,control,3,f
C06-M05.tif:6291-2151,B,1650.31,VTA,1,g
C06-M05.tif:6264-2121,B,656.98,control,1,g
C06-M05.tif:6358-1795,B,1597.91,VTA,2,h
C06-M05.tif:6306-1747,B,516.43,control,2,h
C06-M05.tif:6402-1466,B,1624.22,VTA,3,i
C06-M05.tif:6378-1408,B,650.89,control,3,i
C52-M05.tif:2871-1818,B,1643.09,LSr_d,1,a
C52-M05.tif:2873-1850,B,1127.66,LSr_v,1,a
C52-M05.tif:2828-1820,B,1655.49,LSr_d,1,a
C52-M05.tif:2829-1860,B,1203.01,LSr_v,1,a
C52-M05.tif:2836-1966,B,1631.85,DB,1,a
C52-M05.tif:2886-1954,B,1639.2,DB,1,a
C52-M05.tif:2923-1874,B,309.28,control,1,a
C52-M05.tif:2888-2122,B,1572.4,LSr_d,2,b
C52-M05.tif:2901-2153,B,1419.33,LSr_v,2,b
C52-M05.tif:2849-2116,B,1568.84,LSr_d,2,b
C52-M05.tif:2848-2152,B,1270.03,LSr_v,2,b
C52-M05.tif:2848-2257,B,1589.45,DB,2,b
C52-M05.tif:2911-2246,B,1650.19,DB,2,b
C52-M05.tif:2937-2176,B,431.63,control,2,b
C52-M05.tif:2909-2440,B,1619,LSr_d,3,c
C52-M05.tif:2918-2492,B,1140.9,LSr_v,3,c
C52-M05.tif:2862-2442,B,1631.3,LSr_d,3,c
C52-M05.tif:2876-2489,B,964.42,LSr_v,3,c
C52-M05.tif:2856-2572,B,1628.36,DB,3,c
C52-M05.tif:2936-2580,B,1605.9,DB,3,c
C52-M05.tif:2960-2495,B,430.61,control,3,c
C52-M05.tif:3433-1778,B,1650.56,LSc,1,d
C52-M05.tif:3381-1832,B,1648.85,LSc,1,d
C52-M05.tif:3455-1933,B,1608.17,LPO,1,d
C52-M05.tif:3332-1917,B,1451.39,LPO,1,d
C52-M05.tif:3327-1850,B,541.25,control,1,d
C52-M05.tif:3397-2083,B,1657.48,LSc,2,e
C52-M05.tif:3341-2119,B,1605.74,LSc,2,e
C52-M05.tif:3277-2221,B,1544.2,LPO,2,e
C52-M05.tif:3441-2213,B,1527.26,LPO,2,e
C52-M05.tif:3443-2156,B,672.04,control,2,e
C52-M05.tif:3458-2449,B,1653.67,LSc,3,f
C52-M05.tif:3446-2392,B,1643.64,LSc,3,f
C52-M05.tif:3513-2512,B,1596.46,LPO,3,f
C52-M05.tif:3488-2567,B,1645.29,LPO,3,f
C52-M05.tif:3437-2506,B,666.68,control,3,f
C52-M05.tif:6948-2921,B,1658.52,VTA,1,g
C52-M05.tif:6942-2886,B,261.56,control,1,g
C52-M05.tif:6992-2554,B,1660.65,VTA,2,h
C52-M05.tif:6957-2519,B,650.09,control,2,h
C52-M05.tif:7652-1070,B,1650.93,VTA,3,i
C52-M05.tif:7618-1053,B,197.92,control,3,i
C73-M09.tif:07239-02093,B,1630.2,LSr_d,1,a
C73-M09.tif:07243-02052,B,1199.39,LSr_v,1,a
C73-M09.tif:07195-02106,B,1641.06,LSr_d,1,a
C73-M09.tif:07177-02066,B,1239.44,LSr_v,1,a
C73-M09.tif:07228-01964,B,1601.96,DB,1,a
C73-M09.tif:07169-01966,B,1509.09,DB,1,a
C73-M09.tif:07138-02078,B,301.61,control,1,a
C73-M09.tif:07223-01696,B,1645.8,LSr_d,2,b
C73-M09.tif:07223-01645,B,1421.83,LSr_v,2,b
C73-M09.tif:07171-01705,B,1656.17,LSr_d,2,b
C73-M09.tif:07157-01660,B,1488.84,LSr_v,2,b
C73-M09.tif:07166-01549,B,1443.54,DB,2,b
C73-M09.tif:07187-01550,B,1458.62,DB,2,b
C73-M09.tif:07109-01625,B,385.8,control,2,b
C73-M09.tif:07166-01288,B,1625.25,LSr_d,3,c
C73-M09.tif:07152-01229,B,1324.13,LSr_v,3,c
C73-M09.tif:07220-01282,B,1629.29,LSr_d,3,c
C73-M09.tif:07223-01233,B,1282.71,LSr_v,3,c
C73-M09.tif:07212-01131,B,1610.77,DB,3,c
C73-M09.tif:07141-01128,B,1580.08,DB,3,c
C73-M09.tif:07105-01224,B,555.43,control,3,c
C73-M09.tif:06552-00891,B,1654.53,LSc,1,d
C73-M09.tif:06552-00828,B,1656.79,LSc,1,d
C73-M09.tif:06545-00707,B,1604.29,LPO,1,d
C73-M09.tif:06456-00707,B,1561.85,LPO,1,d
C73-M09.tif:06431-00809,B,330.43,control,1,d
C73-M09.tif:06536-01253,B,1612.19,LSc,2,e
C73-M09.tif:06482-01252,B,1598.71,LSc,2,e
C73-M09.tif:06400-01118,B,1478.85,LPO,2,e
C73-M09.tif:06524-01062,B,1434.27,LPO,2,e
C73-M09.tif:06420-01195,B,270.19,control,2,e
C73-M09.tif:06531-01673,B,1608.58,LSc,3,f
C73-M09.tif:06474-01690,B,1623.94,LSc,3,f
C73-M09.tif:06397-01533,B,1281.78,LPO,3,f
C73-M09.tif:06500-01510,B,1407.67,LPO,3,f
C73-M09.tif:06498-01581,B,243.51,control,3,f
C73-M09.tif:01172-02780,B,1660.97,VTA,1,g
C73-M09.tif:01171-02811,B,755.19,control,1,g
C73-M09.tif:01675-00798,B,1660.84,VTA,2,h
C73-M09.tif:01655-00826,B,334.87,control,2,h
C73-M09.tif:01703-01246,B,1661.53,VTA,3,i
C73-M09.tif:01698-01280,B,486.05,control,3,i
C07-M01.tif:1699-5764,C,1421.97,LSr_d,1,a
C07-M01.tif:1748-5766,C,1349.58,LSr_v,1,a
C07-M01.tif:1697-5816,C,1422.5,LSr_d,1,a
C07-M01.tif:1736-5830,C,1397.16,LSr_v,1,a
C07-M01.tif:1813-5840,C,1416.87,DB,1,a
C07-M01.tif:1807-5796,C,1416.51,DB,1,a
C07-M01.tif:1779-5714,C,656.33,control,1,a
C07-M01.tif:2022-5786,C,1422.99,LSr_d,2,b
C07-M01.tif:2060-5788,C,1405.89,LSr_v,2,b
C07-M01.tif:2021-5841,C,1423.35,LSr_d,2,b
C07-M01.tif:2062-5860,C,1351.05,LSr_v,2,b
C07-M01.tif:2138-5805,C,1422,DB,2,b
C07-M01.tif:2118-5862,C,1422.75,DB,2,b
C07-M01.tif:2020-5745,C,758.95,control,2,b
C07-M01.tif:2344-5780,C,1423.04,LSr_d,3,c
C07-M01.tif:2398-5792,C,1410.67,LSr_v,3,c
C07-M01.tif:2348-5855,C,1423.61,LSr_d,3,c
C07-M01.tif:2393-5868,C,1419.99,LSr_v,3,c
C07-M01.tif:2481-5806,C,1422.92,DB,3,c
C07-M01.tif:2481-5884,C,1422.44,DB,3,c
C07-M01.tif:2389-5722,C,760.85,control,3,c
C07-M01.tif:1070-5100,C,1422.99,LSc,1,d
C07-M01.tif:1074-5169,C,1423.33,LSc,1,d
C07-M01.tif:1220-5139,C,1419.16,LPO,1,d
C07-M01.tif:1233-5210,C,1408.48,LPO,1,d
C07-M01.tif:1149-5040,C,367.52,control,1,d
C07-M01.tif:1426-5116,C,1421.93,LSc,2,e
C07-M01.tif:1430-5180,C,1422.53,LSc,2,e
C07-M01.tif:1593-5123,C,1419.21,LPO,2,e
C07-M01.tif:1590-5212,C,1398.74,LPO,2,e
C07-M01.tif:1527-5052,C,697.27,control,2,e
C07-M01.tif:1812-5098,C,1422.43,LSc,3,f
C07-M01.tif:1812-5162,C,1422.62,LSc,3,f
C07-M01.tif:1991-5114,C,1415.81,LPO,3,f
C07-M01.tif:1973-5212,C,1396.79,LPO,3,f
C07-M01.tif:1948-5042,C,578.64,control,3,f
C07-M01.tif:1450-1565,C,1422.83,VTA,1,g
C07-M01.tif:1428-1543,C,868.86,control,1,g
C07-M01.tif:2178-1572,C,1423.51,VTA,2,h
C07-M01.tif:2151-1545,C,510.96,control,2,h
C07-M01.tif:2515-1551,C,1422.91,VTA,3,i
C07-M01.tif:2492-1543,C,521.92,control,3,i
C11-M09.tif:2959-1288,C,1422.29,LSr_d,1,a
C11-M09.tif:2973-1328,C,1350.53,LSr_v,1,a
C11-M09.tif:2923-1292,C,1414.38,LSr_d,1,a
C11-M09.tif:2918-1334,C,1267.04,LSr_v,1,a
C11-M09.tif:2912-1425,C,1417.2,DB,1,a
C11-M09.tif:2967-1423,C,1411.27,DB,1,a
C11-M09.tif:3018-1357,C,364.04,control,1,a
C11-M09.tif:2897-1628,C,1421.03,LSr_d,2,b
C11-M09.tif:2904-1671,C,1193.1,LSr_v,2,b
C11-M09.tif:2853-1630,C,1417.83,LSr_d,2,b
C11-M09.tif:2849-1666,C,1125.18,LSr_v,2,b
C11-M09.tif:2823-1750,C,1409.32,DB,2,b
C11-M09.tif:2899-1761,C,1411.38,DB,2,b
C11-M09.tif:2806-1676,C,270.25,control,2,b
C11-M09.tif:2893-1971,C,1423.06,LSr_d,3,c
C11-M09.tif:2892-2018,C,1200.89,LSr_v,3,c
C11-M09.tif:2932-1973,C,1423.13,LSr_d,3,c
C11-M09.tif:2942-2022,C,1212.53,LSr_v,3,c
C11-M09.tif:2871-2115,C,1422.28,DB,3,c
C11-M09.tif:2945-2117,C,1422.66,DB,3,c
C11-M09.tif:2829-2054,C,334.99,control,3,c
C11-M09.tif:3537-1969,C,1423.6,LSc,1,d
C11-M09.tif:3478-1965,C,1423.66,LSc,1,d
C11-M09.tif:3439-2079,C,1418.04,LPO,1,d
C11-M09.tif:3541-2098,C,1408.78,LPO,1,d
C11-M09.tif:3496-2040,C,357.06,control,1,d
C11-M09.tif:3504-2344,C,1423.4,LSc,2,e
C11-M09.tif:3563-2334,C,1423.53,LSc,2,e
C11-M09.tif:3468-2440,C,1409.23,LPO,2,e
C11-M09.tif:3591-2449,C,1384.85,LPO,2,e
C11-M09.tif:3556-2381,C,383.74,control,2,e
C11-M09.tif:3490-2634,C,1423.22,LSc,3,f
C11-M09.tif:3543-2677,C,1420.34,LSc,3,f
C11-M09.tif:3554-2781,C,1416.96,LPO,3,f
C11-M09.tif:3421-2721,C,1317.77,LPO,3,f
C11-M09.tif:3499-2712,C,295.5,control,3,f
C11-M09.tif:7659-1086,C,1423.62,VTA,1,g
C11-M09.tif:7651-1044,C,340.45,control,1,g
C11-M09.tif:7042-2631,C,1423.53,VTA,2,h
C11-M09.tif:7065-2596,C,437.27,control,2,h
C11-M09.tif:7628-1445,C,1422.88,VTA,3,i
C11-M09.tif:7617-1425,C,459.63,control,3,i
C52-M07.tif:6312-2026,C,1422.08,LSr_d,1,a
C52-M07.tif:6274-1999,C,1338.36,LSr_v,1,a
C52-M07.tif:6265-2056,C,1422.17,LSr_d,1,a
C52-M07.tif:6234-2021,C,1308.82,LSr_v,1,a
C52-M07.tif:6175-1945,C,1418.92,DB,1,a
C52-M07.tif:6207-1924,C,1418.1,DB,1,a
C52-M07.tif:6202-2022,C,1014.85,control,1,a
C52-M07.tif:6324-1620,C,1423.33,LSr_d,2,b
C52-M07.tif:6302-1575,C,1410.71,LSr_v,2,b
C52-M07.tif:6269-1645,C,1423.11,LSr_d,2,b
C52-M07.tif:6247-1595,C,1310.05,LSr_v,2,b
C52-M07.tif:6214-1512,C,1406.04,DB,2,b
C52-M07.tif:6261-1486,C,1412.74,DB,2,b
C52-M07.tif:6344-1572,C,850.63,control,2,b
C52-M07.tif:6207-1205,C,1416.1,LSr_d,3,c
C52-M07.tif:6210-1159,C,1353.99,LSr_v,3,c
C52-M07.tif:6259-1202,C,1420.43,LSr_d,3,c
C52-M07.tif:6260-1165,C,1296.51,LSr_v,3,c
C52-M07.tif:6262-1075,C,1414.8,DB,3,c
C52-M07.tif:6209-1079,C,1420.6,DB,3,c
C52-M07.tif:6191-1150,C,935.9,control,3,c
C52-M07.tif:5739-1219,C,1369.59,LSc,1,d
C52-M07.tif:5739-1231,C,1313.93,LSc,1,d
C52-M07.tif:5746-1107,C,1324.59,LPO,1,d
C52-M07.tif:5833-1109,C,1376.76,LPO,1,d
C52-M07.tif:5775-1188,C,452.29,control,1,d
C52-M07.tif:5737-1549,C,1392.87,LSc,2,e
C52-M07.tif:5736-1604,C,1363.11,LSc,2,e
C52-M07.tif:5755-1439,C,1223.15,LPO,2,e
C52-M07.tif:5822-1436,C,1392.59,LPO,2,e
C52-M07.tif:5714-1518,C,407.89,control,2,e
C52-M07.tif:5719-1920,C,1373.8,LSc,3,f
C52-M07.tif:5783-1867,C,1408.34,LSc,3,f
C52-M07.tif:5760-1769,C,1333.74,LPO,3,f
C52-M07.tif:5818-1762,C,1380.8,LPO,3,f
C52-M07.tif:5692-1880,C,277.94,control,3,f
C52-M07.tif:1626-1490,C,1423.45,VTA,1,g
C52-M07.tif:1602-1510,C,478.53,control,1,g
C52-M07.tif:1641-1151,C,1423.01,VTA,2,h
C52-M07.tif:1616-1185,C,715.61,control,2,h
C52-M07.tif:1648-0838,C,1413.63,VTA,3,i
C52-M07.tif:1619-0836,C,753.03,control,3,i
C52-M10.tif:5961-2292,C,1423.25,LSr_d,1,a
C52-M10.tif:5968-2244,C,1304.86,LSr_v,1,a
C52-M10.tif:5908-2296,C,1423.02,LSr_d,1,a
C52-M10.tif:5905-2251,C,1396.23,LSr_v,1,a
C52-M10.tif:5914-2191,C,1420.92,DB,1,a
C52-M10.tif:5950-2178,C,1413.8,DB,1,a
C52-M10.tif:5865-2263,C,733.9,control,1,a
C52-M10.tif:5966-2020,C,1423.06,LSr_d,2,b
C52-M10.tif:5972-1971,C,1335.45,LSr_v,2,b
C52-M10.tif:5922-2030,C,1422,LSr_d,2,b
C52-M10.tif:5912-1973,C,1330.24,LSr_v,2,b
C52-M10.tif:5966-1878,C,1388.82,DB,2,b
C52-M10.tif:5915-1872,C,1412.24,DB,2,b
C52-M10.tif:5861-1963,C,762.1,control,2,b
C52-M10.tif:5965-1686,C,1422.55,LSr_d,3,c
C52-M10.tif:5966-1641,C,1357.5,LSr_v,3,c
C52-M10.tif:5916-1697,C,1422.73,LSr_d,3,c
C52-M10.tif:5901-1645,C,1382.69,LSr_v,3,c
C52-M10.tif:5899-1553,C,1418.68,DB,3,c
C52-M10.tif:5962-1542,C,1402.77,DB,3,c
C52-M10.tif:6016-1602,C,830.43,control,3,c
C52-M10.tif:6091-0412,C,1416.68,LSc,1,d
C52-M10.tif:6149-0433,C,1419.69,LSc,1,d
C52-M10.tif:6104-0289,C,1353.76,LPO,1,d
C52-M10.tif:6134-0291,C,1345.48,LPO,1,d
C52-M10.tif:6063-0348,C,537.04,control,1,d
C52-M10.tif:5347-2486,C,1402.25,LSc,2,e
C52-M10.tif:5410-2481,C,1407.24,LSc,2,e
C52-M10.tif:5371-2377,C,1409.69,LPO,2,e
C52-M10.tif:5428-2373,C,1417.02,LPO,2,e
C52-M10.tif:5396-2452,C,659.34,control,2,e
C52-M10.tif:5981-0775,C,1399.64,LSc,3,f
C52-M10.tif:5929-0769,C,1418.74,LSc,3,f
C52-M10.tif:5341-1965,C,1417.34,LPO,3,f
C52-M10.tif:5454-1971,C,1363.26,LPO,3,f
C52-M10.tif:6044-0707,C,879.23,control,3,f
C52-M10.tif:1714-1772,C,1417.41,VTA,1,g
C52-M10.tif:1687-1786,C,532.24,control,1,g
C52-M10.tif:1726-1484,C,1419.19,VTA,2,h
C52-M10.tif:1713-1503,C,449.86,control,2,h
C52-M10.tif:1739-2052,C,1422.11,VTA,3,i
C52-M10.tif:1722-2069,C,585.79,control,3,i
C73-M05.tif:2851-0569,C,1382.04,LSr_d,1,a
C73-M05.tif:2858-0620,C,894.44,LSr_v,1,a
C73-M05.tif:2810-0567,C,1382.41,LSr_d,1,a
C73-M05.tif:2799-0606,C,1042.38,LSr_v,1,a
C73-M05.tif:2854-0696,C,1410.09,DB,1,a
C73-M05.tif:2801-0704,C,1408.75,DB,1,a
C73-M05.tif:2776-0663,C,334.71,control,1,a
C73-M05.tif:2853-0909,C,1414.85,LSr_d,2,b
C73-M05.tif:2857-0959,C,1075.43,LSr_v,2,b
C73-M05.tif:2810-0906,C,1411.09,LSr_d,2,b
C73-M05.tif:2798-0956,C,1038.61,LSr_v,2,b
C73-M05.tif:2853-1048,C,1385.52,DB,2,b
C73-M05.tif:2788-1045,C,1406.43,DB,2,b
C73-M05.tif:2747-0946,C,280.46,control,2,b
C73-M05.tif:2884-1266,C,1403.08,LSr_d,3,c
C73-M05.tif:2878-1314,C,1059.78,LSr_v,3,c
C73-M05.tif:2840-1261,C,1402.36,LSr_d,3,c
C73-M05.tif:2827-1309,C,1051.77,LSr_v,3,c
C73-M05.tif:2874-1394,C,1403.16,DB,3,c
C73-M05.tif:2816-1387,C,1387.57,DB,3,c
C73-M05.tif:2799-1292,C,307.49,control,3,c
C73-M05.tif:3341-1948,C,1413.99,LSc,1,d
C73-M05.tif:3393-2018,C,1383.02,LSc,1,d
C73-M05.tif:3261-2084,C,1385.28,LPO,1,d
C73-M05.tif:3431-2111,C,1402.5,LPO,1,d
C73-M05.tif:3343-2057,C,802.67,control,1,d
C73-M05.tif:3364-1593,C,1420.48,LSc,2,e
C73-M05.tif:3409-1600,C,1406.22,LSc,2,e
C73-M05.tif:3285-1727,C,1396.38,LPO,2,e
C73-M05.tif:3428-1771,C,1343.48,LPO,2,e
C73-M05.tif:3367-1672,C,910.56,control,2,e
C73-M05.tif:3339-2307,C,1388.6,LSc,3,f
C73-M05.tif:3384-2367,C,1334.02,LSc,3,f
C73-M05.tif:3264-2463,C,1385.59,LPO,3,f
C73-M05.tif:3399-2500,C,1403.41,LPO,3,f
C73-M05.tif:3381-2412,C,916.74,control,3,f
C73-M05.tif:7632-0858,C,1422.57,VTA,1,g
C73-M05.tif:7633-0870,C,977.48,control,1,g
C73-M05.tif:6966-2698,C,1422.14,VTA,2,h
C73-M05.tif:6933-2692,C,767.93,control,2,h
C73-M05.tif:7003-2309,C,1423.41,VTA,3,i
C73-M05.tif:6963-2294,C,872.8,control,3,i
C73-M08.tif:5922-2226,C,1422.54,LSr_d,1,a
C73-M08.tif:5886-2183,C,1270.56,LSr_v,1,a
C73-M08.tif:5892-2255,C,1423.16,LSr_d,1,a
C73-M08.tif:5861-2234,C,1265.4,LSr_v,1,a
C73-M08.tif:5786-2166,C,1418.02,DB,1,a
C73-M08.tif:5820-2128,C,1421.27,DB,1,a
C73-M08.tif:5813-2231,C,224.51,control,1,a
C73-M08.tif:5892-1767,C,1422.91,LSr_d,2,b
C73-M08.tif:5848-1736,C,1258.66,LSr_v,2,b
C73-M08.tif:5863-1802,C,1422.34,LSr_d,2,b
C73-M08.tif:5836-1788,C,1338.09,LSr_v,2,b
C73-M08.tif:5775-1680,C,1420.79,DB,2,b
C73-M08.tif:5743-1734,C,1416.15,DB,2,b
C73-M08.tif:5865-1680,C,435.23,control,2,b
C73-M08.tif:5882-1368,C,1423.05,LSr_d,3,c
C73-M08.tif:5846-1331,C,1301.43,LSr_v,3,c
C73-M08.tif:5848-1401,C,1422.25,LSr_d,3,c
C73-M08.tif:5811-1372,C,1263.57,LSr_v,3,c
C73-M08.tif:5799-1256,C,1407.27,DB,3,c
C73-M08.tif:5754-1311,C,1414.11,DB,3,c
C73-M08.tif:5912-1271,C,423.52,control,3,c
C73-M08.tif:5424-2001,C,1413.03,LSc,1,d
C73-M08.tif:5370-2001,C,1377.7,LSc,1,d
C73-M08.tif:5456-1906,C,1384.33,LPO,1,d
C73-M08.tif:5336-1890,C,1379.52,LPO,1,d
C73-M08.tif:5459-1971,C,211.01,control,1,d
C73-M08.tif:5435-1659,C,1421.86,LSc,2,e
C73-M08.tif:5374-1660,C,1419.57,LSc,2,e
C73-M08.tif:5326-1558,C,1302.56,LPO,2,e
C73-M08.tif:5444-1544,C,1348.56,LPO,2,e
C73-M08.tif:5446-1603,C,259.57,control,2,e
C73-M08.tif:5424-2384,C,1423.19,LSc,3,f
C73-M08.tif:5374-2387,C,1423.34,LSc,3,f
C73-M08.tif:5369-2233,C,1395.45,LPO,3,f
C73-M08.tif:5429-2228,C,1407.74,LPO,3,f
C73-M08.tif:5490-2322,C,192.54,control,3,f
C73-M08.tif:1169-2292,C,1422.34,VTA,1,g
C73-M08.tif:1156-2320,C,414.9,control,1,g
C73-M08.tif:1159-1974,C,1423.54,VTA,2,h
C73-M08.tif:1160-1994,C,413.26,control,2,h
C73-M08.tif:1144-1644,C,1421.92,VTA,3,i
C73-M08.tif:1136-1667,C,334.88,control,3,i
C06-M07.tif:2155-5360,D,1565.63,LSr_d,1,a
C06-M07.tif:2117-5362,D,1395.93,LSr_v,1,a
C06-M07.tif:2117-5362,D,1523.47,LSr_d,1,a
C06-M07.tif:2110-5326,D,1176.98,LSr_v,1,a
C06-M07.tif:2122-5244,D,1606.42,DB,1,a
C06-M07.tif:2194-5248,D,1627.44,DB,1,a
C06-M07.tif:2083-5311,D,163.2,control,1,a
C06-M07.tif:2055-5070,D,1512.84,LSr_d,2,b
C06-M07.tif:2049-5035,D,987.53,LSr_v,2,b
C06-M07.tif:2095-5074,D,1547.01,LSr_d,2,b
C06-M07.tif:2111-5036,D,1156.85,LSr_v,2,b
C06-M07.tif:2055-4941,D,1569.87,DB,2,b
C06-M07.tif:2128-4942,D,1597.97,DB,2,b
C06-M07.tif:2025-5020,D,125.58,control,2,b
C06-M07.tif:2082-4753,D,1520.27,LSr_d,3,c
C06-M07.tif:2102-4729,D,1138.35,LSr_v,3,c
C06-M07.tif:2038-4747,D,1569.72,LSr_d,3,c
C06-M07.tif:2037-4717,D,1083.13,LSr_v,3,c
C06-M07.tif:2067-4620,D,1410.49,DB,3,c
C06-M07.tif:2141-4636,D,1554.69,DB,3,c
C06-M07.tif:2026-4679,D,179.96,control,3,c
C06-M07.tif:2034-3472,D,1533.48,LSc,1,d
C06-M07.tif:2084-3490,D,1471.13,LSc,1,d
C06-M07.tif:2151-3345,D,1629.15,LPO,1,d
C06-M07.tif:2054-3330,D,1605.95,LPO,1,d
C06-M07.tif:2009-3461,D,122.67,control,1,d
C06-M07.tif:1544-4952,D,1592.32,LSc,2,e
C06-M07.tif:1496-4893,D,1619.37,LSc,2,e
C06-M07.tif:1503-4774,D,1446,LPO,2,e
C06-M07.tif:1595-4793,D,1400.57,LPO,2,e
C06-M07.tif:1603-4891,D,113.89,control,2,e
C06-M07.tif:1538-4629,D,1573.66,LSc,3,f
C06-M07.tif:1493-4571,D,1575.13,LSc,3,f
C06-M07.tif:1612-4491,D,1402.47,LPO,3,f
C06-M07.tif:1501-4462,D,1304.91,LPO,3,f
C06-M07.tif:1525-4530,D,192.73,control,3,f
C06-M07.tif:0938-1421,D,1644.27,VTA,1,g
C06-M07.tif:0933-1449,D,267.85,control,1,g
C06-M07.tif:0961-1055,D,1596.19,VTA,2,h
C06-M07.tif:0953-1083,D,307.79,control,2,h
C06-M07.tif:0949-1757,D,1640.99,VTA,3,i
C06-M07.tif:0921-1781,D,197.37,control,3,i
C06-M09.tif:2934-4599,D,1591.07,LSr_d,1,a
C06-M09.tif:2935-4652,D,1039.74,LSr_v,1,a
C06-M09.tif:2869-4579,D,1562.16,LSr_d,1,a
C06-M09.tif:2873-4644,D,900.58,LSr_v,1,a
C06-M09.tif:2878-4742,D,1571.77,DB,1,a
C06-M09.tif:2927-4745,D,1563.49,DB,1,a
C06-M09.tif:2974-4677,D,259.53,control,1,a
C06-M09.tif:2908-4956,D,1532.67,LSr_d,2,b
C06-M09.tif:2906-5003,D,1176.94,LSr_v,2,b
C06-M09.tif:2835-4939,D,1627.44,LSr_d,2,b
C06-M09.tif:2841-4989,D,1335.33,LSr_v,2,b
C06-M09.tif:2842-5099,D,1590.17,DB,2,b
C06-M09.tif:2900-5098,D,1580.49,DB,2,b
C06-M09.tif:2936-5033,D,218.04,control,2,b
C06-M09.tif:2863-5311,D,1655.8,LSr_d,3,c
C06-M09.tif:2867-5394,D,1406.7,LSr_v,3,c
C06-M09.tif:2925-5318,D,1626.83,LSr_d,3,c
C06-M09.tif:2934-5408,D,1302.54,LSr_v,3,c
C06-M09.tif:2874-5514,D,1544.51,DB,3,c
C06-M09.tif:2936-5507,D,1600.08,DB,3,c
C06-M09.tif:2973-5422,D,142.8,control,3,c
C06-M09.tif:4091-4302,D,1615.45,LSc,1,d
C06-M09.tif:4016-4373,D,1585.81,LSc,1,d
C06-M09.tif:3976-4446,D,1559.25,LPO,1,d
C06-M09.tif:4068-4484,D,1410.02,LPO,1,d
C06-M09.tif:3958-4381,D,388.58,control,1,d
C06-M09.tif:4087-4372,D,1619.32,LSc,2,e
C06-M09.tif:4018-4344,D,1537.31,LSc,2,e
C06-M09.tif:4001-4485,D,1510.76,LPO,2,e
C06-M09.tif:4091-4481,D,1356,LPO,2,e
C06-M09.tif:4125-4394,D,163.17,control,2,e
C06-M09.tif:4073-4737,D,1581.67,LSc,3,f
C06-M09.tif:4003-4728,D,1543.74,LSc,3,f
C06-M09.tif:3963-4844,D,1482.17,LPO,3,f
C06-M09.tif:4100-4858,D,1472.46,LPO,3,f
C06-M09.tif:4101-4802,D,109.65,control,3,f
C06-M09.tif:5376-0783,D,1653.94,VTA,1,g
C06-M09.tif:5395-0772,D,56.67,control,1,g
C06-M09.tif:5318-1096,D,1625.51,VTA,2,h
C06-M09.tif:5333-1083,D,280.28,control,2,h
C06-M09.tif:5349-1508,D,1603.24,VTA,3,i
C06-M09.tif:5371-1500,D,152.52,control,3,i
C07-M03.tif:03448-01125,D,1586.39,LSr_d,1,a
C07-M03.tif:03456-01178,D,908.42,LSr_v,1,a
C07-M03.tif:03394-01142,D,1514.23,LSr_d,1,a
C07-M03.tif:03398-01190,D,1229.84,LSr_v,1,a
C07-M03.tif:04028-00886,D,1434.53,DB,1,a
C07-M03.tif:04071-00878,D,1402.95,DB,1,a
C07-M03.tif:03538-01062,D,199.44,control,1,a
C07-M03.tif:03411-01503,D,1451.63,LSr_d,2,b
C07-M03.tif:03412-01571,D,1092.8,LSr_v,2,b
C07-M03.tif:03464-01516,D,1524.19,LSr_d,2,b
C07-M03.tif:03472-01574,D,1131.33,LSr_v,2,b
C07-M03.tif:04019-01218,D,1380.24,DB,2,b
C07-M03.tif:04070-01230,D,1348.82,DB,2,b
C07-M03.tif:03521-01588,D,209.18,control,2,b
C07-M03.tif:03465-01842,D,1507.2,LSr_d,3,c
C07-M03.tif:03468-01911,D,1233.61,LSr_v,3,c
C07-M03.tif:03405-01849,D,1589.83,LSr_d,3,c
C07-M03.tif:03402-01919,D,1194.46,LSr_v,3,c
C07-M03.tif:04021-01559,D,1433.11,DB,3,c
C07-M03.tif:04081-01566,D,1399.48,DB,3,c
C07-M03.tif:03513-01917,D,291.29,control,3,c
C07-M03.tif:04090-01459,D,1461.3,LSc,1,d
C07-M03.tif:04022-01447,D,1165.82,LSc,1,d
C07-M03.tif:04635-01186,D,1289.27,LPO,1,d
C07-M03.tif:04717-01174,D,1299.42,LPO,1,d
C07-M03.tif:03988-01499,D,325.04,control,1,d
C07-M03.tif:04106-01797,D,1401.67,LSc,2,e
C07-M03.tif:04037-01814,D,1451.98,LSc,2,e
C07-M03.tif:04606-01520,D,1110.01,LPO,2,e
C07-M03.tif:04738-01511,D,1211.69,LPO,2,e
C07-M03.tif:04152-01819,D,371.77,control,2,e
C07-M03.tif:04137-02171,D,1547.12,LSc,3,f
C07-M03.tif:04063-02170,D,1438.08,LSc,3,f
C07-M03.tif:04639-01817,D,1245.26,LPO,3,f
C07-M03.tif:04750-01812,D,1313.06,LPO,3,f
C07-M03.tif:04161-02209,D,353.91,control,3,f
C07-M03.tif:10148-01113,D,1591.11,VTA,1,g
C07-M03.tif:10205-01052,D,514.61,control,1,g
C07-M03.tif:10117-01470,D,1629.2,VTA,2,h
C07-M03.tif:10049-01472,D,424.61,control,2,h
C07-M03.tif:10114-01780,D,1551.25,VTA,3,i
C07-M03.tif:10165-01700,D,783.73,control,3,i
C11-M02.tif:5099-1808,D,1642.78,LSr_d,1,a
C11-M02.tif:5108-1766,D,1187.75,LSr_v,1,a
C11-M02.tif:5045-1797,D,1577.56,LSr_d,1,a
C11-M02.tif:5047-1753,D,976.3,LSr_v,1,a
C11-M02.tif:5060-1668,D,1486.14,DB,1,a
C11-M02.tif:5138-1663,D,1469.49,DB,1,a
C11-M02.tif:4964-1755,D,241.92,control,1,a
C11-M02.tif:5119-1464,D,1645.32,LSr_d,2,b
C11-M02.tif:5132-1416,D,1451.43,LSr_v,2,b
C11-M02.tif:5065-1451,D,1638.46,LSr_d,2,b
C11-M02.tif:5070-1411,D,1289.66,LSr_v,2,b
C11-M02.tif:5072-1319,D,1499.4,DB,2,b
C11-M02.tif:5170-1314,D,1599.89,DB,2,b
C11-M02.tif:4976-1404,D,254.32,control,2,b
C11-M02.tif:5120-1153,D,1641.94,LSr_d,3,c
C11-M02.tif:5132-1100,D,1521.91,LSr_v,3,c
C11-M02.tif:5066-1141,D,1641.38,LSr_d,3,c
C11-M02.tif:5068-1097,D,1489.16,LSr_v,3,c
C11-M02.tif:5081-0984,D,1547.96,DB,3,c
C11-M02.tif:5174-0991,D,1610.23,DB,3,c
C11-M02.tif:4997-1067,D,433.58,control,3,c
C11-M02.tif:4488-2020,D,1566.77,LSc,1,d
C11-M02.tif:4426-2039,D,1470.16,LSc,1,d
C11-M02.tif:4443-1898,D,1446.06,LPO,1,d
C11-M02.tif:4542-1913,D,1484.46,LPO,1,d
C11-M02.tif:4399-2009,D,148.7,control,1,d
C11-M02.tif:4424-1634,D,1631.05,LSc,2,e
C11-M02.tif:4489-1639,D,1638.63,LSc,2,e
C11-M02.tif:4424-1523,D,1386.83,LPO,2,e
C11-M02.tif:4542-1531,D,1485.53,LPO,2,e
C11-M02.tif:4488-1594,D,237.47,control,2,e
C11-M02.tif:4476-1352,D,1585.67,LSc,3,f
C11-M02.tif:4419-1292,D,1620.4,LSc,3,f
C11-M02.tif:4384-1214,D,1468.01,LPO,3,f
C11-M02.tif:4560-1194,D,1604.91,LPO,3,f
C11-M02.tif:4467-1251,D,184.18,control,3,f
C11-M02.tif:1422-0527,D,1443.48,VTA,1,g
C11-M02.tif:1433-0551,D,326.97,control,1,g
C11-M02.tif:0884-0999,D,1550.32,VTA,2,h
C11-M02.tif:0882-1017,D,122.68,control,2,h
C11-M02.tif:0881-1317,D,1600.07,VTA,3,i
C11-M02.tif:0875-1331,D,209.14,control,3,i
C12-M11.tif:6289-2083,D,1591.05,LSr_d,1,a
C12-M11.tif:6284-2026,D,767.92,LSr_v,1,a
C12-M11.tif:6236-2069,D,1569.49,LSr_d,1,a
C12-M11.tif:6228-1998,D,807.49,LSr_v,1,a
C12-M11.tif:5678-1616,D,1421.09,DB,1,a
C12-M11.tif:5744-1622,D,1300.56,DB,1,a
C12-M11.tif:6240-2090,D,147.78,control,1,a
C12-M11.tif:6243-1685,D,1588.2,LSr_d,2,b
C12-M11.tif:6244-1615,D,666.58,LSr_v,2,b
C12-M11.tif:6306-1697,D,1595.22,LSr_d,2,b
C12-M11.tif:6311-1626,D,958.69,LSr_v,2,b
C12-M11.tif:5630-1257,D,1528.46,DB,2,b
C12-M11.tif:5667-1328,D,1541.22,DB,2,b
C12-M11.tif:6219-1664,D,71.35,control,2,b
C12-M11.tif:6234-1230,D,1558.37,LSr_d,3,c
C12-M11.tif:6235-1161,D,670.42,LSr_v,3,c
C12-M11.tif:6299-1256,D,1586.89,LSr_d,3,c
C12-M11.tif:6298-1202,D,799.63,LSr_v,3,c
C12-M11.tif:5714-0921,D,1638.44,DB,3,c
C12-M11.tif:5739-0939,D,1624.89,DB,3,c
C12-M11.tif:6216-1234,D,3.61,control,3,c
C12-M11.tif:5715-2142,D,1524.47,LSc,1,d
C12-M11.tif:5652-2119,D,1527.93,LSc,1,d
C12-M11.tif:5035-2684,D,1423.78,LPO,1,d
C12-M11.tif:5096-2723,D,1026.76,LPO,1,d
C12-M11.tif:5666-2199,D,120.65,control,1,d
C12-M11.tif:5738-1759,D,1501.05,LSc,2,e
C12-M11.tif:5667-1738,D,1448.93,LSc,2,e
C12-M11.tif:5018-2291,D,1202.46,LPO,2,e
C12-M11.tif:5120-2337,D,1169.5,LPO,2,e
C12-M11.tif:5699-1770,D,116.69,control,2,e
C12-M11.tif:5619-1388,D,1575.61,LSc,3,f
C12-M11.tif:5686-1402,D,1566.75,LSc,3,f
C12-M11.tif:5177-1973,D,1000.4,LPO,3,f
C12-M11.tif:5022-1926,D,1048.63,LPO,3,f
C12-M11.tif:5726-1382,D,107.79,control,3,f
C12-M11.tif:0946-2445,D,1633.18,VTA,1,g
C12-M11.tif:0946-2490,D,588.53,control,1,g
C12-M11.tif:0970-2107,D,1628.57,VTA,2,h
C12-M11.tif:0951-2140,D,426.08,control,2,h
C12-M11.tif:0970-1759,D,1639.99,VTA,3,i
C12-M11.tif:0950-1780,D,312.16,control,3,i
C74-M07.tif:6101-1909,D,1547.4,LSr_d,1,a
C74-M07.tif:6094-1875,D,1184.31,LSr_v,1,a
C74-M07.tif:6148-1909,D,1574.77,LSr_d,1,a
C74-M07.tif:6150-1872,D,1367.85,LSr_v,1,a
C74-M07.tif:6095-1760,D,1582.91,DB,1,a
C74-M07.tif:6163-1754,D,1458.61,DB,1,a
C74-M07.tif:6036-1821,D,699.05,control,1,a
C74-M07.tif:6137-1566,D,1589.85,LSr_d,2,b
C74-M07.tif:6151-1519,D,1109.3,LSr_v,2,b
C74-M07.tif:6092-1556,D,1541.94,LSr_d,2,b
C74-M07.tif:6087-1502,D,946.58,LSr_v,2,b
C74-M07.tif:6092-1406,D,1443.54,DB,2,b
C74-M07.tif:6164-1413,D,1368.1,DB,2,b
C74-M07.tif:6027-1502,D,454.56,control,2,b
C74-M07.tif:6071-1211,D,1612.07,LSr_d,3,c
C74-M07.tif:6061-1170,D,1127.62,LSr_v,3,c
C74-M07.tif:6125-1162,D,1102.52,LSr_d,3,c
C74-M07.tif:6119-1211,D,1616.64,LSr_v,3,c
C74-M07.tif:6046-1082,D,1573.39,DB,3,c
C74-M07.tif:6154-1094,D,1521.02,DB,3,c
C74-M07.tif:6165-1163,D,712.1,control,3,c
C74-M07.tif:5429-1406,D,1297.47,LSc,1,d
C74-M07.tif:5491-1364,D,1476.87,LSc,1,d
C74-M07.tif:5362-1274,D,1128.79,LPO,1,d
C74-M07.tif:5535-1278,D,1144.23,LPO,1,d
C74-M07.tif:5378-1346,D,372.1,control,1,d
C74-M07.tif:5436-1061,D,1502.21,LSc,2,e
C74-M07.tif:5498-1060,D,1425.19,LSc,2,e
C74-M07.tif:5374-0937,D,1233.31,LPO,2,e
C74-M07.tif:5536-0933,D,939.64,LPO,2,e
C74-M07.tif:5419-0989,D,461.42,control,2,e
C74-M07.tif:5451-0759,D,1480.44,LSc,3,f
C74-M07.tif:5515-0762,D,1275.43,LSc,3,f
C74-M07.tif:5402-0637,D,863.58,LPO,3,f
C74-M07.tif:5410-0650,D,778.86,LPO,3,f
C74-M07.tif:5394-0690,D,218.7,control,3,f
C74-M07.tif:1326-2344,D,1623.68,VTA,1,g
C74-M07.tif:1329-2378,D,313.19,control,1,g
C74-M07.tif:1295-2022,D,1436.5,VTA,2,h
C74-M07.tif:1296-2058,D,197.01,control,2,h
C74-M07.tif:1323-2652,D,1538.51,VTA,3,i
C74-M07.tif:1320-2701,D,212.35,control,3,i
C11-M04.tif:2325-2496,E,1612.61,LSr_d,1,a
C11-M04.tif:2312-2532,E,1365.02,LSr_v,1,a
C11-M04.tif:2363-2503,E,1612.86,LSr_d,1,a
C11-M04.tif:2370-2559,E,1255.45,LSr_v,1,a
C11-M04.tif:2294-2640,E,1571.3,DB,1,a
C11-M04.tif:2360-2644,E,1610.69,DB,1,a
C11-M04.tif:2272-2495,E,422.3,control,1,a
C11-M04.tif:2319-2832,E,1541.94,LSr_d,2,b
C11-M04.tif:2305-2876,E,1134.83,LSr_v,2,b
C11-M04.tif:2356-2834,E,1543.62,LSr_d,2,b
C11-M04.tif:2366-2894,E,1124.64,LSr_v,2,b
C11-M04.tif:2296-2991,E,1594.16,DB,2,b
C11-M04.tif:2363-2991,E,1612.67,DB,2,b
C11-M04.tif:2238-2858,E,381.19,control,2,b
C11-M04.tif:2883-1141,E,1613.8,LSr_d,3,c
C11-M04.tif:2897-1197,E,1296.61,LSr_v,3,c
C11-M04.tif:2844-1140,E,1597.02,LSr_d,3,c
C11-M04.tif:2837-1205,E,1300.31,LSr_v,3,c
C11-M04.tif:2822-1315,E,1582.17,DB,3,c
C11-M04.tif:2905-1306,E,1584,DB,3,c
C11-M04.tif:2773-1175,E,203.37,control,3,c
C11-M04.tif:3387-0752,E,1592.57,LSc,1,d
C11-M04.tif:3432-0753,E,1510.71,LSc,1,d
C11-M04.tif:3339-0915,E,1463.92,LPO,1,d
C11-M04.tif:3499-0904,E,1372.7,LPO,1,d
C11-M04.tif:3314-0834,E,628.66,control,1,d
C11-M04.tif:2942-2513,E,1600.98,LSc,2,e
C11-M04.tif:2913-2482,E,1557.75,LSc,2,e
C11-M04.tif:2855-2635,E,1413.16,LPO,2,e
C11-M04.tif:2979-2607,E,1437.09,LPO,2,e
C11-M04.tif:2835-2537,E,327.14,control,2,e
C11-M04.tif:2903-2818,E,1554.76,LSc,3,f
C11-M04.tif:2855-2819,E,1504.4,LSc,3,f
C11-M04.tif:2838-2997,E,1146.43,LPO,3,f
C11-M04.tif:2949-2980,E,1449.44,LPO,3,f
C11-M04.tif:2801-2902,E,313.86,control,3,f
C11-M04.tif:7080-2133,E,1591.16,VTA,1,g
C11-M04.tif:7083-2099,E,584.29,control,1,g
C11-M04.tif:7087-2427,E,1573.97,VTA,2,h
C11-M04.tif:7072-2397,E,337.27,control,2,h
C11-M04.tif:7104-2724,E,1592.99,VTA,3,i
C11-M04.tif:7089-2700,E,284.11,control,3,i
C12-M05.tif:0943-5186,E,1606.27,LSr_d,1,a
C12-M05.tif:0943-5129,E,920.65,LSr_v,1,a
C12-M05.tif:0886-5180,E,1595.12,LSr_d,1,a
C12-M05.tif:0875-5128,E,518.38,LSr_v,1,a
C12-M05.tif:0867-5022,E,1357.65,DB,1,a
C12-M05.tif:0919-5042,E,1406.55,DB,1,a
C12-M05.tif:0984-5105,E,347.17,control,1,a
C12-M05.tif:1000-4826,E,1602.99,LSr_d,2,b
C12-M05.tif:1002-4760,E,723.45,LSr_v,2,b
C12-M05.tif:0915-4801,E,1567.36,LSr_d,2,b
C12-M05.tif:0912-4746,E,467.65,LSr_v,2,b
C12-M05.tif:0916-4644,E,1261.21,DB,2,b
C12-M05.tif:1006-4648,E,1186.96,DB,2,b
C12-M05.tif:0878-4755,E,59.76,control,2,b
C12-M05.tif:0973-4468,E,1559.99,LSr_d,3,c
C12-M05.tif:0977-4404,E,840.65,LSr_v,3,c
C12-M05.tif:0892-4461,E,1526.25,LSr_d,3,c
C12-M05.tif:0887-4405,E,621.04,LSr_v,3,c
C12-M05.tif:0880-4305,E,1225.34,DB,3,c
C12-M05.tif:1010-4303,E,1006.75,DB,3,c
C12-M05.tif:0983-4374,E,89.72,control,3,c
C12-M05.tif:0252-5757,E,1510.11,LSc,1,d
C12-M05.tif:0331-5717,E,1557.34,LSc,1,d
C12-M05.tif:0258-5571,E,1434.3,LPO,1,d
C12-M05.tif:0364-5578,E,1157.16,LPO,1,d
C12-M05.tif:0224-5655,E,56,control,1,d
C12-M05.tif:0306-5356,E,1548.68,LSc,2,e
C12-M05.tif:0371-5348,E,1389.74,LSc,2,e
C12-M05.tif:0276-5179,E,1291.12,LPO,2,e
C12-M05.tif:0415-5189,E,1365.52,LPO,2,e
C12-M05.tif:0337-5278,E,530.06,control,2,e
C12-M05.tif:0328-4898,E,1235.44,LSc,3,f
C12-M05.tif:0398-4953,E,1404.41,LSc,3,f
C12-M05.tif:0316-4739,E,1264.43,LPO,3,f
C12-M05.tif:0451-4767,E,1155.33,LPO,3,f
C12-M05.tif:0358-4840,E,410.59,control,3,f
C12-M05.tif:1514-0984,E,1639.4,VTA,1,g
C12-M05.tif:1527-1014,E,238.27,control,1,g
C12-M05.tif:1504-1350,E,1639.88,VTA,2,h
C12-M05.tif:1490-1370,E,266.06,control,2,h
C12-M05.tif:1518-1734,E,1644.01,VTA,3,i
C12-M05.tif:1517-1760,E,460.02,control,3,i
C52-M02.tif:7148-1356,E,1586.56,LSr_d,1,a
C52-M02.tif:7145-1313,E,1368.27,LSr_v,1,a
C52-M02.tif:7101-1355,E,1545.23,LSr_d,1,a
C52-M02.tif:7094-1322,E,1198.7,LSr_v,1,a
C52-M02.tif:6495-2441,E,1380.13,DB,1,a
C52-M02.tif:6544-2438,E,1449.87,DB,1,a
C52-M02.tif:6611-2491,E,539.85,control,1,a
C52-M02.tif:7129-0955,E,1625.14,LSr_d,2,b
C52-M02.tif:7127-0904,E,1549.84,LSr_v,2,b
C52-M02.tif:7074-0964,E,1607.63,LSr_d,2,b
C52-M02.tif:7065-0908,E,1437.23,LSr_v,2,b
C52-M02.tif:6567-2071,E,1549.19,DB,2,b
C52-M02.tif:6506-2082,E,1408.15,DB,2,b
C52-M02.tif:6411-2124,E,672.72,control,2,b
C52-M02.tif:7109-0622,E,1637.28,LSr_d,3,c
C52-M02.tif:7106-0572,E,1564.39,LSr_v,3,c
C52-M02.tif:7058-0622,E,1630.25,LSr_d,3,c
C52-M02.tif:7047-0579,E,1566.46,LSr_v,3,c
C52-M02.tif:6482-1327,E,1483.43,DB,3,c
C52-M02.tif:6574-1319,E,1474.37,DB,3,c
C52-M02.tif:6450-1386,E,830.66,control,3,c
C52-M02.tif:6558-2227,E,1606.15,LSc,1,d
C52-M02.tif:6505-2226,E,1596.61,LSc,1,d
C52-M02.tif:6550-0944,E,1462.77,LPO,1,d
C52-M02.tif:6458-0979,E,1463.86,LPO,1,d
C52-M02.tif:6425-1047,E,467.34,control,1,d
C52-M02.tif:6510-1872,E,1604.57,LSc,2,e
C52-M02.tif:6560-1873,E,1622.29,LSc,2,e
C52-M02.tif:6447-0632,E,1311.86,LPO,2,e
C52-M02.tif:6565-0592,E,1511.56,LPO,2,e
C52-M02.tif:6447-0678,E,486.69,control,2,e
C52-M02.tif:6506-1489,E,1598.74,LSc,3,f
C52-M02.tif:6555-1490,E,1605.48,LSc,3,f
C52-M02.tif:5857-2462,E,1173.13,LPO,3,f
C52-M02.tif:5952-2456,E,1112.83,LPO,3,f
C52-M02.tif:5932-2536,E,284.76,control,3,f
C52-M02.tif:1740-2419,E,1636.69,VTA,1,g
C52-M02.tif:1737-2440,E,516.94,control,1,g
C52-M02.tif:1688-2154,E,1628.73,VTA,2,h
C52-M02.tif:1674-2169,E,477.81,control,2,h
C52-M02.tif:1691-1773,E,1628.13,VTA,3,i
C52-M02.tif:1681-1803,E,396.65,control,3,i
C74-M06.tif:VTA,E,1641.47,VTA,1,g
C74-M06.tif:control,E,312.33,control,1,g
C74-M06.tif:VTA,E,1633.39,VTA,2,h
C74-M06.tif:control,E,541.59,control,2,h
C74-M06.tif:VTA-3,E,1585.13,VTA,3,i
C74-M06.tif:control-3,E,675.83,control,3,i
C74-M11.tif:5702-2703,E,1626.44,LSr_d,1,a
C74-M11.tif:5709-2654,E,1334,LSr_v,1,a
C74-M11.tif:5663-2705,E,1620.6,LSr_d,1,a
C74-M11.tif:5653-2657,E,1379.88,LSr_v,1,a
C74-M11.tif:5706-2584,E,1582.3,DB,1,a
C74-M11.tif:5655-2587,E,1596.69,DB,1,a
C74-M11.tif:5604-2731,E,238.25,control,1,a
C74-M11.tif:5726-2344,E,1615.35,LSr_d,2,b
C74-M11.tif:5730-2290,E,1130.86,LSr_v,2,b
C74-M11.tif:5680-2344,E,1611.51,LSr_d,2,b
C74-M11.tif:5675-2300,E,1342.07,LSr_v,2,b
C74-M11.tif:5667-2204,E,1487.1,DB,2,b
C74-M11.tif:5735-2200,E,1428.28,DB,2,b
C74-M11.tif:5601-2325,E,241.02,control,2,b
C74-M11.tif:5748-1982,E,1634.61,LSr_d,3,c
C74-M11.tif:5746-1936,E,1282.89,LSr_v,3,c
C74-M11.tif:5697-1988,E,1595.75,LSr_d,3,c
C74-M11.tif:5691-1940,E,1385.86,LSr_v,3,c
C74-M11.tif:5683-1831,E,1509.06,DB,3,c
C74-M11.tif:5766-1830,E,1483.13,DB,3,c
C74-M11.tif:5783-1911,E,141.32,control,3,c
C74-M11.tif:5090-2700,E,1617.17,LSc,1,d
C74-M11.tif:5145-2691,E,1625.53,LSc,1,d
C74-M11.tif:5152-2517,E,1217.03,LPO,1,d
C74-M11.tif:5068-2517,E,1395.52,LPO,1,d
C74-M11.tif:4968-2688,E,163.27,control,1,d
C74-M11.tif:5113-2351,E,1636.89,LSc,2,e
C74-M11.tif:5167-2356,E,1645.79,LSc,2,e
C74-M11.tif:5066-2232,E,1442.84,LPO,2,e
C74-M11.tif:5214-2229,E,1464.15,LPO,2,e
C74-M11.tif:5020-2296,E,299.32,control,2,e
C74-M11.tif:5155-2016,E,1643.71,LSc,3,f
C74-M11.tif:5166-2016,E,1629.81,LSc,3,f
C74-M11.tif:5150-1860,E,1441.5,LPO,3,f
C74-M11.tif:5261-1911,E,1502.2,LPO,3,f
C74-M11.tif:5118-2013,E,194.88,control,3,f
C74-M11.tif:0909-0987,E,1595.73,VTA,1,g
C74-M11.tif:0901-1029,E,236.62,control,1,g
C74-M11.tif:0933-0573,E,1630.5,VTA,2,h
C74-M11.tif:0921-0620,E,125.73,control,2,h
C74-M11.tif:0951-0259,E,1622.23,VTA,3,i
C74-M11.tif:0922-0272,E,138.48,control,3,i
C83-M01.tif:4635-4836,E,1558.06,LSr_d,1,a
C83-M01.tif:4636-4898,E,1035.48,LSr_v,1,a
C83-M01.tif:4688-4838,E,1420.91,LSr_d,1,a
C83-M01.tif:4697-4889,E,450.78,LSr_v,1,a
C83-M01.tif:4624-5006,E,1319.27,DB,1,a
C83-M01.tif:4704-4993,E,1283.07,DB,1,a
C83-M01.tif:4589-4942,E,176.08,control,1,a
C83-M01.tif:4628-5621,E,1608.7,LSr_d,2,b
C83-M01.tif:4628-5682,E,1410.62,LSr_v,2,b
C83-M01.tif:4688-5627,E,1594.73,LSr_d,2,b
C83-M01.tif:4697-5683,E,1136.65,LSr_v,2,b
C83-M01.tif:4620-5804,E,1478.22,DB,2,b
C83-M01.tif:4702-5791,E,1482.31,DB,2,b
C83-M01.tif:4731-5662,E,112.66,control,2,b
C83-M01.tif:4604-6068,E,1629.15,LSr_d,3,c
C83-M01.tif:4590-6135,E,1311.88,LSr_v,3,c
C83-M01.tif:4640-6083,E,1561.66,LSr_d,3,c
C83-M01.tif:4639-6143,E,1124.45,LSr_v,3,c
C83-M01.tif:4532-6238,E,1267.17,DB,3,c
C83-M01.tif:4642-6243,E,1442.98,DB,3,c
C83-M01.tif:4539-6135,E,237.14,control,3,c
C83-M01.tif:5292-4842,E,1439.54,LSc,1,d
C83-M01.tif:5235-4855,E,1402.5,LSc,1,d
C83-M01.tif:5220-5028,E,1424.24,LPO,1,d
C83-M01.tif:5327-5036,E,1587.16,LPO,1,d
C83-M01.tif:5282-4991,E,440.37,control,1,d
C83-M01.tif:5215-4382,E,1484.84,LSc,2,e
C83-M01.tif:5270-4384,E,1476.64,LSc,2,e
C83-M01.tif:5183-4534,E,1401.32,LPO,2,e
C83-M01.tif:5308-4540,E,1427.74,LPO,2,e
C83-M01.tif:5321-4434,E,286.86,control,2,e
C83-M01.tif:5195-3998,E,1433.13,LSc,3,f
C83-M01.tif:5248-4044,E,1365.01,LSc,3,f
C83-M01.tif:5162-4126,E,1187.56,LPO,3,f
C83-M01.tif:5278-4139,E,873.2,LPO,3,f
C83-M01.tif:5311-4063,E,406.18,control,3,f
C83-M01.tif:3722-2540,E,1472.79,VTA,1,g
C83-M01.tif:3726-2516,E,532.36,control,1,g
C83-M01.tif:4347-1673,E,1487.6,VTA,2,h
C83-M01.tif:4346-1657,E,566.59,control,2,h
C83-M01.tif:4334-1364,E,1553.02,VTA,3,i
C83-M01.tif:4337-1385,E,648.51,control,3,i
C83-M02.tif:2126-1537,E,1251.17,LSr_d,1,a
C83-M02.tif:2118-1507,E,755.33,LSr_v,1,a
C83-M02.tif:2170-1537,E,1148.99,LSr_d,1,a
C83-M02.tif:2181-1509,E,803.36,LSr_v,1,a
C83-M02.tif:2168-1447,E,1526.72,DB,1,a
C83-M02.tif:2102-1440,E,1614.65,DB,1,a
C83-M02.tif:2071-1518,E,361.5,control,1,a
C83-M02.tif:2126-2490,E,1579.54,LSr_d,2,b
C83-M02.tif:2122-2464,E,1155.95,LSr_v,2,b
C83-M02.tif:2180-2481,E,1315.18,LSr_d,2,b
C83-M02.tif:2181-2462,E,1266.46,LSr_v,2,b
C83-M02.tif:2182-2427,E,1596.74,DB,2,b
C83-M02.tif:2186-2435,E,1621.52,DB,2,b
C83-M02.tif:2115-2446,E,140.63,control,2,b
C83-M02.tif:2158-2776,E,1616.33,LSr_d,3,c
C83-M02.tif:2152-2745,E,1112.36,LSr_v,3,c
C83-M02.tif:2212-2763,E,1580.93,LSr_d,3,c
C83-M02.tif:2211-2732,E,1196.02,LSr_v,3,c
C83-M02.tif:2093-2680,E,1616.23,DB,3,c
C83-M02.tif:2122-2672,E,1621.35,DB,3,c
C83-M02.tif:2102-2734,E,247.04,control,3,c
C83-M02.tif:3010-1529,E,1534.79,LSc,1,d
C83-M02.tif:2948-1526,E,1588.17,LSc,1,d
C83-M02.tif:2925-1659,E,1075.06,LPO,1,d
C83-M02.tif:3064-1653,E,881.41,LPO,1,d
C83-M02.tif:3062-1544,E,310.16,control,1,d
C83-M02.tif:2994-1254,E,1589.11,LSc,2,e
C83-M02.tif:2928-1249,E,1602.42,LSc,2,e
C83-M02.tif:2888-1336,E,1332.81,LPO,2,e
C83-M02.tif:3025-1349,E,1296.2,LPO,2,e
C83-M02.tif:2983-1279,E,478.24,control,2,e
C83-M02.tif:2956-0967,E,1568.41,LSc,3,f
C83-M02.tif:2894-0970,E,1570.25,LSc,3,f
C83-M02.tif:2853-1065,E,1314.91,LPO,3,f
C83-M02.tif:2991-1056,E,1015.35,LPO,3,f
C83-M02.tif:2993-0985,E,697.58,control,3,f
C83-M02.tif:6665-2334,E,1639.98,VTA,1,g
C83-M02.tif:6632-2341,E,644.34,control,1,g
C83-M02.tif:6653-2019,E,1633.98,VTA,2,h
C83-M02.tif:6615-2028,E,732.04,control,2,h
C83-M02.tif:6617-1679,E,1633.38,VTA,3,i
C83-M02.tif:6551-1645,E,827.68,control,3,i
C83-M12.tif:5070-2145,E,1636.5,LSr_d,1,a
C83-M12.tif:5076-2095,E,1331.67,LSr_v,1,a
C83-M12.tif:5027-2141,E,1628.48,LSr_d,1,a
C83-M12.tif:5018-2094,E,1418.56,LSr_v,1,a
C83-M12.tif:5103-2001,E,1567.83,DB,1,a
C83-M12.tif:5010-2013,E,1553.2,DB,1,a
C83-M12.tif:4970-2061,E,709.51,control,1,a
C83-M12.tif:5070-1823,E,1628.89,LSr_d,2,b
C83-M12.tif:5081-1778,E,1526.88,LSr_v,2,b
C83-M12.tif:5028-1818,E,1633.23,LSr_d,2,b
C83-M12.tif:5022-1773,E,1458.8,LSr_v,2,b
C83-M12.tif:5042-1698,E,1580.99,DB,2,b
C83-M12.tif:5099-1688,E,1582.1,DB,2,b
C83-M12.tif:4983-1760,E,589.02,control,2,b
C83-M12.tif:5027-1516,E,1620.52,LSr_d,3,c
C83-M12.tif:5015-1466,E,1323.4,LSr_v,3,c
C83-M12.tif:5072-1515,E,1603.93,LSr_d,3,c
C83-M12.tif:5077-1471,E,1346.39,LSr_v,3,c
C83-M12.tif:4999-1381,E,1487.29,DB,3,c
C83-M12.tif:5061-1380,E,1459.33,DB,3,c
C83-M12.tif:4975-1462,E,523.06,control,3,c
C83-M12.tif:5340-0566,E,1618.33,LSc,1,d
C83-M12.tif:5300-0557,E,1628,LSc,1,d
C83-M12.tif:5270-0407,E,1349.89,LPO,1,d
C83-M12.tif:5399-0429,E,1314.74,LPO,1,d
C83-M12.tif:5230-0480,E,216.61,control,1,d
C83-M12.tif:5076-1185,E,1613.98,LSc,2,e
C83-M12.tif:5030-1185,E,1590.37,LSc,2,e
C83-M12.tif:5003-1042,E,1396.3,LPO,2,e
C83-M12.tif:5121-1048,E,1198.75,LPO,2,e
C83-M12.tif:4956-1158,E,395.57,control,2,e
C83-M12.tif:5044-0868,E,1596.49,LSc,3,f
C83-M12.tif:5098-0867,E,1566.89,LSc,3,f
C83-M12.tif:5039-0714,E,1372.74,LPO,3,f
C83-M12.tif:5126-0719,E,1477.65,LPO,3,f
C83-M12.tif:5012-0838,E,62.69,control,3,f
C83-M12.tif:1748-0436,E,1642.62,VTA,1,g
C83-M12.tif:1737-0466,E,740.2,control,1,g
C07-M02.tif:2356-5362,A,948.17,MS,1,j
C07-M02.tif:2357-5341,A,1026.49,VDB,1,j
C07-M02.tif:2330-5315,A,1134.15,HDB,1,j
C07-M02.tif:2391-5309,A,1222.03,HDB,1,j
C07-M02.tif:2394-5290,A,1252.41,VP,1,j
C07-M02.tif:2312-5312,A,1077.39,VP,1,j
C07-M02.tif:2307-5367,A,66.29,control,1,j
C07-M02.tif:2368-5006,A,925.15,MS,2,k
C07-M02.tif:2366-4980,A,1229.53,VDB,2,k
C07-M02.tif:2337-4967,A,1136.36,HDB,2,k
C07-M02.tif:2400-4964,A,1200.37,HDB,2,k
C07-M02.tif:2311-4958,A,1018.05,VP,2,k
C07-M02.tif:2412-4939,A,1131.08,VP,2,k
C07-M02.tif:2319-5016,A,119.46,control,2,k
C07-M02.tif:2369-4708,A,582.79,MS,3,l
C07-M02.tif:2367-4680,A,835.74,VDB,3,l
C07-M02.tif:2334-4651,A,910.48,HDB,3,l
C07-M02.tif:2405-4647,A,873.1,HDB,3,l
C07-M02.tif:2297-4643,A,1076.45,VP,3,l
C07-M02.tif:2430-4628,A,1200.85,VP,3,l
C07-M02.tif:2316-4697,A,52.68,control,3,l
C07-M04.tif:0459-5911,A,990.65,MS,1,j
C07-M04.tif:0480-5906,A,1158.44,VDB,1,j
C07-M04.tif:0507-5882,A,1454.58,HDB,1,j
C07-M04.tif:0518-5924,A,1395.93,HDB,1,j
C07-M04.tif:0558-5942,A,1391.15,VP,1,j
C07-M04.tif:0560-5934,A,1418.25,VP,1,j
C07-M04.tif:0504-5957,A,141.38,control,1,j
C07-M04.tif:0876-5905,A,853.69,MS,2,k
C07-M04.tif:0906-5901,A,1321.5,VDB,2,k
C07-M04.tif:0934-5874,A,1312.98,HDB,2,k
C07-M04.tif:0929-5920,A,1338.46,HDB,2,k
C07-M04.tif:0946-5954,A,1362.41,VP,2,k
C07-M04.tif:0925-5844,A,1251.77,VP,2,k
C07-M04.tif:0871-5829,A,32.28,control,2,k
C07-M04.tif:1242-5876,A,951.13,MS,3,l
C07-M04.tif:1270-5882,A,1205.6,VDB,3,l
C07-M04.tif:1287-5873,A,1342.03,HDB,3,l
C07-M04.tif:1293-5899,A,1316.47,HDB,3,l
C07-M04.tif:1275-5823,A,1299.77,VP,3,l
C07-M04.tif:1287-5941,A,1385.89,VP,3,l
C07-M04.tif:1242-5955,A,14.36,control,3,l
C11-M03.tif:2038-2988,A,908.41,MS,1,j
C11-M03.tif:2040-3023,A,1149.99,VDB,1,j
C11-M03.tif:1998-3042,A,1165.92,HDB,1,j
C11-M03.tif:2083-3044,A,1192.53,HDB,1,j
C11-M03.tif:2093-3062,A,1195.35,VP,1,j
C11-M03.tif:1979-3066,A,1154.78,VP,1,j
C11-M03.tif:1959-3020,A,220.78,control,1,j
C11-M03.tif:2875-1145,A,1028.11,MS,2,k
C11-M03.tif:2877-1174,A,1288.27,VDB,2,k
C11-M03.tif:2856-1213,A,1349.15,HDB,2,k
C11-M03.tif:2891-1214,A,1344.4,HDB,2,k
C11-M03.tif:2802-1229,A,1375.27,VP,2,k
C11-M03.tif:2938-1222,A,1286.67,VP,2,k
C11-M03.tif:2948-1142,A,429.65,control,2,k
C11-M03.tif:2865-1480,A,1108.5,MS,3,l
C11-M03.tif:2868-1497,A,1282.19,VDB,3,l
C11-M03.tif:2842-1556,A,1412.16,HDB,3,l
C11-M03.tif:2884-1552,A,1377.06,HDB,3,l
C11-M03.tif:2786-1550,A,1280.84,VP,3,l
C11-M03.tif:2933-1548,A,1280.19,VP,3,l
C11-M03.tif:2929-1508,A,353.8,control,3,l
C12-M01.tif:4492-5233,A,1103.11,MS,1,j
C12-M01.tif:4493-5279,A,1228.89,VDB,1,j
C12-M01.tif:4541-5301,A,1138.09,HDB,1,j
C12-M01.tif:4451-5307,A,1150.5,HDB,1,j
C12-M01.tif:4435-5326,A,1045.91,VP,1,j
C12-M01.tif:4555-5323,A,895.67,VP,1,j
C12-M01.tif:4565-5256,A,289.79,control,1,j
C12-M01.tif:4482-5563,A,975.37,MS,2,k
C12-M01.tif:4479-5600,A,1361.87,VDB,2,k
C12-M01.tif:4466-5642,A,1236.07,HDB,2,k
C12-M01.tif:4490-5642,A,1339.3,HDB,2,k
C12-M01.tif:4421-5643,A,1129.22,VP,2,k
C12-M01.tif:4539-5643,A,1157.67,VP,2,k
C12-M01.tif:4572-5635,A,191.89,control,2,k
C12-M01.tif:4439-5931,A,1285.8,MS,3,l
C12-M01.tif:4439-5971,A,1491.89,VDB,3,l
C12-M01.tif:4417-6033,A,1535.82,HDB,3,l
C12-M01.tif:4484-6033,A,1511.16,HDB,3,l
C12-M01.tif:4557-6039,A,1203.34,VP,3,l
C12-M01.tif:4363-6031,A,1430.23,VP,3,l
C12-M01.tif:4354-5948,A,481.97,control,3,l
C12-M03.tif:04080-01718,A,971.77,MS,1,j
C12-M03.tif:04077-01755,A,1321.97,VDB,1,j
C12-M03.tif:04063-01777,A,1412.28,HDB,1,j
C12-M03.tif:04106-01776,A,1405.22,HDB,1,j
C12-M03.tif:04131-01793,A,1217.86,VP,1,j
C12-M03.tif:04030-01799,A,1425.34,VP,1,j
C12-M03.tif:04137-01732,A,253.2,control,1,j
C12-M03.tif:04084-02514,A,1177.76,MS,2,k
C12-M03.tif:04083-02562,A,1424.3,VDB,2,k
C12-M03.tif:04057-02565,A,1372.06,HDB,2,k
C12-M03.tif:04115-02565,A,1435.66,HDB,2,k
C12-M03.tif:04157-02596,A,1403.4,VP,2,k
C12-M03.tif:04047-02598,A,1456.45,VP,2,k
C12-M03.tif:04007-02577,A,3.41,control,2,k
C12-M03.tif:04598-00946,A,1090.72,MS,3,l
C12-M03.tif:04597-00980,A,1395.74,VDB,3,l
C12-M03.tif:04556-01020,A,1404.56,HDB,3,l
C12-M03.tif:04621-01021,A,1472.26,HDB,3,l
C12-M03.tif:04669-01014,A,1306.11,VP,3,l
C12-M03.tif:04523-01006,A,1359.11,VP,3,l
C12-M03.tif:04498-00936,A,239.13,control,3,l
C73-M04.tif:2137-2108,A,1398.98,MS,1,j
C73-M04.tif:2132-2143,A,1475.25,VDB,1,j
C73-M04.tif:2115-2176,A,1416.76,HDB,1,j
C73-M04.tif:2148-2180,A,1426.49,HDB,1,j
C73-M04.tif:2174-2201,A,1394.02,VP,1,j
C73-M04.tif:2070-2187,A,1305.82,VP,1,j
C73-M04.tif:2080-2099,A,523.24,control,1,j
C73-M04.tif:2102-2504,A,1199.79,MS,2,k
C73-M04.tif:2100-2543,A,1417.42,VDB,2,k
C73-M04.tif:2112-2565,A,1404.86,HDB,2,k
C73-M04.tif:2091-2563,A,1383.96,HDB,2,k
C73-M04.tif:2038-2568,A,1306.79,VP,2,k
C73-M04.tif:2139-2578,A,1435.59,VP,2,k
C73-M04.tif:2045-2521,A,529.92,control,2,k
C73-M04.tif:2107-2838,A,1072.53,MS,3,l
C73-M04.tif:2106-2857,A,1452.98,VDB,3,l
C73-M04.tif:2093-2911,A,1396.22,HDB,3,l
C73-M04.tif:2120-2915,A,1310.12,HDB,3,l
C73-M04.tif:2042-2896,A,1363.96,VP,3,l
C73-M04.tif:2147-2927,A,1425.56,VP,3,l
C73-M04.tif:2022-2859,A,645.59,control,3,l
C74-M12.tif:5031-0770,A,1441.38,MS,1,j
C74-M12.tif:5033-0725,A,1529.66,VDB,1,j
C74-M12.tif:5016-0691,A,1538.47,HDB,1,j
C74-M12.tif:5043-0692,A,1539.75,HDB,1,j
C74-M12.tif:5095-0692,A,1494.44,VP,1,j
C74-M12.tif:4977-0685,A,1535.96,VP,1,j
C74-M12.tif:4979-0734,A,750.85,control,1,j
C74-M12.tif:4479-2770,A,1066.83,MS,2,k
C74-M12.tif:4479-2739,A,1277.51,VDB,2,k
C74-M12.tif:4453-2705,A,1396.41,HDB,2,k
C74-M12.tif:4489-2696,A,1323.03,HDB,2,k
C74-M12.tif:4398-2687,A,1317.95,VP,2,k
C74-M12.tif:4531-2693,A,1361.16,VP,2,k
C74-M12.tif:4424-2751,A,216.62,control,2,k
C74-M12.tif:4498-2420,A,1091.95,MS,3,l
C74-M12.tif:4498-2397,A,1366.11,VDB,3,l
C74-M12.tif:4513-2355,A,1032.36,HDB,3,l
C74-M12.tif:4463-2354,A,1257.24,HDB,3,l
C74-M12.tif:4393-2330,A,1273.35,VP,3,l
C74-M12.tif:4557-2335,A,1363.83,VP,3,l
C74-M12.tif:4407-2423,A,318.05,control,3,l
C06-M01.tif:2704-4840,B,1413.42,MS,1,j
C06-M01.tif:2705-4805,B,1608.37,VDB,1,j
C06-M01.tif:2687-4768,B,1633.84,HDB,1,j
C06-M01.tif:2715-4773,B,1638.15,HDB,1,j
C06-M01.tif:2652-4764,B,1578.81,VP,1,j
C06-M01.tif:2762-4774,B,1567.78,VP,1,j
C06-M01.tif:2612-4781,B,672.09,control,1,j
C06-M01.tif:2718-4522,B,1446.44,MS,2,k
C06-M01.tif:2720-4492,B,1609.11,VDB,2,k
C06-M01.tif:2701-4460,B,1612.18,HDB,2,k
C06-M01.tif:2733-4460,B,1598.96,HDB,2,k
C06-M01.tif:2651-4448,B,1463.08,VP,2,k
C06-M01.tif:2786-4453,B,1530.66,VP,2,k
C06-M01.tif:2775-4521,B,467.49,control,2,k
C06-M01.tif:2728-4226,B,1339.13,MS,3,l
C06-M01.tif:2733-4180,B,1589.26,VDB,3,l
C06-M01.tif:2714-4160,B,1555.83,HDB,3,l
C06-M01.tif:2752-4157,B,1560.22,HDB,3,l
C06-M01.tif:2670-4145,B,1561.22,VP,3,l
C06-M01.tif:2807-4152,B,1518.11,VP,3,l
C06-M01.tif:2639-4245,B,699.51,control,3,l
C06-M05.tif:5374-4891,B,1489.02,MS,1,j
C06-M05.tif:5370-4926,B,1610.82,VDB,1,j
C06-M05.tif:5356-4956,B,1620.29,HDB,1,j
C06-M05.tif:5384-4954,B,1640.49,HDB,1,j
C06-M05.tif:5326-4964,B,1641.34,VP,1,j
C06-M05.tif:5420-4973,B,1638.42,VP,1,j
C06-M05.tif:5317-4931,B,464.93,control,1,j
C06-M05.tif:5419-5232,B,1299.29,MS,2,k
C06-M05.tif:5415-5294,B,1608.47,VDB,2,k
C06-M05.tif:5389-5303,B,1595.79,HDB,2,k
C06-M05.tif:5430-5306,B,1572.42,HDB,2,k
C06-M05.tif:5343-5326,B,1561.77,VP,2,k
C06-M05.tif:5477-5323,B,1399.9,VP,2,k
C06-M05.tif:5527-5287,B,245.09,control,2,k
C06-M05.tif:5410-5558,B,1552.11,MS,3,l
C06-M05.tif:5410-5600,B,1626.22,VDB,3,l
C06-M05.tif:5387-5619,B,1624.45,HDB,3,l
C06-M05.tif:5434-5622,B,1615.69,HDB,3,l
C06-M05.tif:5340-5657,B,1579.98,VP,3,l
C06-M05.tif:5484-5630,B,1493.02,VP,3,l
C06-M05.tif:5514-5616,B,680.85,control,3,l
C52-M05.tif:2856-1878,B,840.12,MS,1,j
C52-M05.tif:2860-1938,B,1437.48,VDB,1,j
C52-M05.tif:2836-1942,B,1580.02,HDB,1,j
C52-M05.tif:2879-1944,B,1594.91,HDB,1,j
C52-M05.tif:2801-1978,B,1526.95,VP,1,j
C52-M05.tif:2907-1959,B,1635.29,VP,1,j
C52-M05.tif:2910-1885,B,280.48,control,1,j
C52-M05.tif:2874-2168,B,1146.24,MS,2,k
C52-M05.tif:2878-2225,B,1509.19,VDB,2,k
C52-M05.tif:2848-2247,B,1600.58,HDB,2,k
C52-M05.tif:2899-2240,B,1653.82,HDB,2,k
C52-M05.tif:2937-2254,B,1608.75,VP,2,k
C52-M05.tif:2823-2250,B,1510.3,VP,2,k
C52-M05.tif:2797-2199,B,440.78,control,2,k
C52-M05.tif:2897-2491,B,982.64,MS,3,l
C52-M05.tif:2898-2550,B,1495.21,VDB,3,l
C52-M05.tif:2873-2564,B,1556.65,HDB,3,l
C52-M05.tif:2917-2564,B,1501.24,HDB,3,l
C52-M05.tif:2963-2577,B,1503.99,VP,3,l
C52-M05.tif:2842-2556,B,1581.27,VP,3,l
C52-M05.tif:2847-2501,B,296.09,control,3,l
C73-M09.tif:07212-02051,B,1223.78,MS,1,j
C73-M09.tif:07204-01991,B,1504.54,VDB,1,j
C73-M09.tif:07188-01983,B,1505.31,HDB,1,j
C73-M09.tif:07222-01986,B,1592.89,HDB,1,j
C73-M09.tif:07152-01971,B,1269.86,VP,1,j
C73-M09.tif:07236-01970,B,1593.5,VP,1,j
C73-M09.tif:07137-01996,B,104.35,control,1,j
C73-M09.tif:07184-01637,B,1215.4,MS,2,k
C73-M09.tif:07185-01586,B,1489.64,VDB,2,k
C73-M09.tif:07165-01558,B,1374.73,HDB,2,k
C73-M09.tif:07190-01558,B,1489.48,HDB,2,k
C73-M09.tif:07120-01548,B,1268.62,VP,2,k
C73-M09.tif:07228-01545,B,1477.85,VP,2,k
C73-M09.tif:07130-01631,B,311.6,control,2,k
C73-M09.tif:07185-01223,B,1050.51,MS,3,l
C73-M09.tif:07183-01168,B,1609.73,VDB,3,l
C73-M09.tif:07160-01144,B,1433.49,HDB,3,l
C73-M09.tif:07195-01145,B,1504.04,HDB,3,l
C73-M09.tif:07233-01134,B,1517.81,VP,3,l
C73-M09.tif:07114-01133,B,1394.39,VP,3,l
C73-M09.tif:07103-01174,B,240.44,control,3,l
C07-M01.tif:1749-5800,C,1208.95,MS,1,j
C07-M01.tif:1785-5804,C,1366.08,VDB,1,j
C07-M01.tif:1804-5790,C,1420.17,HDB,1,j
C07-M01.tif:1802-5840,C,1421.65,HDB,1,j
C07-M01.tif:1821-5892,C,1411.66,VP,1,j
C07-M01.tif:1819-5881,C,1417.84,VP,1,j
C07-M01.tif:1774-5727,C,715.88,control,1,j
C07-M01.tif:2075-5821,C,1366.22,MS,2,k
C07-M01.tif:2126-5833,C,1420.92,VDB,2,k
C07-M01.tif:2139-5807,C,1421.29,HDB,2,k
C07-M01.tif:2136-5868,C,1421.92,HDB,2,k
C07-M01.tif:2146-5921,C,1410.32,VP,2,k
C07-M01.tif:2159-5928,C,1399.56,VP,2,k
C07-M01.tif:2091-5919,C,938.12,control,2,k
C07-M01.tif:2398-5831,C,1349.98,MS,3,l
C07-M01.tif:2449-5833,C,1420.65,VDB,3,l
C07-M01.tif:2466-5808,C,1422.2,HDB,3,l
C07-M01.tif:2466-5861,C,1421.92,HDB,3,l
C07-M01.tif:2473-5931,C,1408.38,VP,3,l
C07-M01.tif:2487-5937,C,1376.66,VP,3,l
C07-M01.tif:2460-5753,C,869.61,control,3,l
C11-M09.tif:2947-1333,C,1031.12,MS,1,j
C11-M09.tif:2947-1394,C,1400.6,VDB,1,j
C11-M09.tif:2921-1400,C,1416.68,HDB,1,j
C11-M09.tif:2961-1405,C,1404.95,HDB,1,j
C11-M09.tif:2867-1426,C,1202.43,VP,1,j
C11-M09.tif:2986-1422,C,1376.98,VP,1,j
C11-M09.tif:2888-1374,C,343.13,control,1,j
C11-M09.tif:2880-1679,C,973.73,MS,2,k
C11-M09.tif:2872-1722,C,1400.26,VDB,2,k
C11-M09.tif:2850-1733,C,1378.21,HDB,2,k
C11-M09.tif:2893-1739,C,1383.84,HDB,2,k
C11-M09.tif:2810-1731,C,1377.53,VP,2,k
C11-M09.tif:2917-1752,C,1357.42,VP,2,k
C11-M09.tif:2945-1691,C,335.39,control,2,k
C11-M09.tif:2918-2028,C,1210.93,MS,3,l
C11-M09.tif:2915-2071,C,1415.86,VDB,3,l
C11-M09.tif:2899-2087,C,1415.96,HDB,3,l
C11-M09.tif:2927-2088,C,1416.26,HDB,3,l
C11-M09.tif:2840-2094,C,1359.1,VP,3,l
C11-M09.tif:2976-2109,C,1403.47,VP,3,l
C11-M09.tif:2993-2033,C,352.35,control,3,l
C52-M07.tif:6256-2010,C,1385.42,MS,1,j
C52-M07.tif:6207-1945,C,1410.76,VDB,1,j
C52-M07.tif:6222-1925,C,1405.59,HDB,1,j
C52-M07.tif:6192-1964,C,1411.75,HDB,1,j
C52-M07.tif:6173-1960,C,1399.13,VP,1,j
C52-M07.tif:6227-1904,C,1415.64,VP,1,j
C52-M07.tif:6276-1888,C,827.6,control,1,j
C52-M07.tif:6274-1576,C,1311.56,MS,2,k
C52-M07.tif:6251-1528,C,1412.86,VDB,2,k
C52-M07.tif:6233-1520,C,1404.46,HDB,2,k
C52-M07.tif:6267-1498,C,1384.29,HDB,2,k
C52-M07.tif:6174-1522,C,1299.75,VP,2,k
C52-M07.tif:6299-1466,C,1340.02,VP,2,k
C52-M07.tif:6225-1580,C,759.4,control,2,k
C52-M07.tif:6229-1140,C,1333,MS,3,l
C52-M07.tif:6233-1099,C,1417.29,VDB,3,l
C52-M07.tif:6223-1085,C,1413.89,HDB,3,l
C52-M07.tif:6254-1082,C,1409.06,HDB,3,l
C52-M07.tif:6199-1077,C,1417.37,VP,3,l
C52-M07.tif:6300-1075,C,1375.8,VP,3,l
C52-M07.tif:6254-1136,C,778.93,control,3,l
C52-M10.tif:5934-1628,C,1302.36,MS,1,j
C52-M10.tif:5934-1565,C,1383.82,VDB,1,j
C52-M10.tif:5913-1559,C,1414.35,HDB,1,j
C52-M10.tif:5957-1556,C,1376.8,HDB,1,j
C52-M10.tif:5888-1551,C,1413.34,VP,1,j
C52-M10.tif:5973-1536,C,1371.78,VP,1,j
C52-M10.tif:5882-1582,C,651.06,control,1,j
C52-M10.tif:5937-1340,C,1270.77,MS,2,k
C52-M10.tif:5937-1299,C,1377.76,VDB,2,k
C52-M10.tif:5911-1283,C,1390.93,HDB,2,k
C52-M10.tif:5954-1280,C,1382.12,HDB,2,k
C52-M10.tif:5890-1275,C,1405.63,VP,2,k
C52-M10.tif:5984-1274,C,1387.31,VP,2,k
C52-M10.tif:6000-1289,C,978.12,control,2,k
C52-M10.tif:5952-1000,C,1301,MS,3,l
C52-M10.tif:5956-0953,C,1406.3,VDB,3,l
C52-M10.tif:5943-0938,C,1402.14,HDB,3,l
C52-M10.tif:5973-0939,C,1364.91,HDB,3,l
C52-M10.tif:5903-0935,C,1396.87,VP,3,l
C52-M10.tif:6007-0932,C,1386.71,VP,3,l
C52-M10.tif:5896-0985,C,852.42,control,3,l
C73-M05.tif:2856-1704,C,1204.8,MS,1,j
C73-M05.tif:2857-1753,C,1323.72,VDB,1,j
C73-M05.tif:2840-1760,C,1232.46,HDB,1,j
C73-M05.tif:2875-1758,C,1221.41,HDB,1,j
C73-M05.tif:2919-1780,C,1398.68,VP,1,j
C73-M05.tif:2800-1772,C,1109.99,VP,1,j
C73-M05.tif:2774-1756,C,255.1,control,1,j
C73-M05.tif:2847-2050,C,1245.84,MS,2,k
C73-M05.tif:2846-2083,C,1408.51,VDB,2,k
C73-M05.tif:2808-2114,C,1268.76,HDB,2,k
C73-M05.tif:2860-2116,C,1330.44,HDB,2,k
C73-M05.tif:2915-2120,C,1297.46,VP,2,k
C73-M05.tif:2773-2128,C,1388.64,VP,2,k
C73-M05.tif:2769-2102,C,359.74,control,2,k
C73-M05.tif:2857-2377,C,1163.07,MS,3,l
C73-M05.tif:2848-2415,C,1409.35,VDB,3,l
C73-M05.tif:2826-2439,C,1387.47,HDB,3,l
C73-M05.tif:2865-2443,C,1392.77,HDB,3,l
C73-M05.tif:2917-2446,C,1354.23,VP,3,l
C73-M05.tif:2777-2448,C,1368.61,VP,3,l
C73-M05.tif:2782-2389,C,62.46,control,3,l
C73-M08.tif:5817-1749,C,1021.52,MS,1,j
C73-M08.tif:5775-1720,C,1385.55,VDB,1,j
C73-M08.tif:5750-1738,C,1413.33,HDB,1,j
C73-M08.tif:5775-1680,C,1421.4,HDB,1,j
C73-M08.tif:5711-1753,C,1271.84,VP,1,j
C73-M08.tif:5785-1650,C,1332.83,VP,1,j
C73-M08.tif:5775-1680,C,455.57,control,1,j
C73-M08.tif:5815-1336,C,1057.51,MS,2,k
C73-M08.tif:5777-1302,C,1416.08,VDB,2,k
C73-M08.tif:5755-1309,C,1414.51,HDB,2,k
C73-M08.tif:5795-1280,C,1412.7,HDB,2,k
C73-M08.tif:5805-1237,C,1377.15,VP,2,k
C73-M08.tif:5717-1311,C,1388.83,VP,2,k
C73-M08.tif:5836-1279,C,336.86,control,2,k
C73-M08.tif:5856-0859,C,1175.8,MS,3,l
C73-M08.tif:5809-0824,C,1402.57,VDB,3,l
C73-M08.tif:5851-0789,C,1413.99,HDB,3,l
C73-M08.tif:5749-0832,C,1415.52,HDB,3,l
C73-M08.tif:5869-0773,C,1394.32,VP,3,l
C73-M08.tif:5867-0767,C,1417.81,VP,3,l
C73-M08.tif:5760-0830,C,417.72,control,3,l
C06-M07.tif:2144-5314,D,743.88,MS,1,j
C06-M07.tif:2149-5268,D,1502.94,VDB,1,j
C06-M07.tif:2131-5259,D,1570.97,HDB,1,j
C06-M07.tif:2168-5261,D,1561.76,HDB,1,j
C06-M07.tif:2209-5267,D,1586.65,VP,1,j
C06-M07.tif:2105-5239,D,1523.87,VP,1,j
C06-M07.tif:2084-5271,D,155.6,control,1,j
C06-M07.tif:2078-5001,D,986.05,MS,2,k
C06-M07.tif:2084-4969,D,1484.92,VDB,2,k
C06-M07.tif:2062-4955,D,1483.54,HDB,2,k
C06-M07.tif:2103-4958,D,1485.99,HDB,2,k
C06-M07.tif:2028-4944,D,1339.31,VP,2,k
C06-M07.tif:2153-4952,D,1545.57,VP,2,k
C06-M07.tif:2034-4991,D,208.7,control,2,k
C06-M07.tif:2077-4682,D,1312.88,MS,3,l
C06-M07.tif:2092-4653,D,1487.95,VDB,3,l
C06-M07.tif:2064-4639,D,1418.86,HDB,3,l
C06-M07.tif:2108-4648,D,1508.59,HDB,3,l
C06-M07.tif:2033-4617,D,1294.48,VP,3,l
C06-M07.tif:2157-4643,D,1375.69,VP,3,l
C06-M07.tif:2028-4689,D,161.29,control,3,l
C06-M09.tif:2860-5025,D,893.65,MS,1,j
C06-M09.tif:2862-5081,D,1413.26,VDB,1,j
C06-M09.tif:2843-5083,D,1476.7,HDB,1,j
C06-M09.tif:2891-5085,D,1507.3,HDB,1,j
C06-M09.tif:2805-5100,D,1517.03,VP,1,j
C06-M09.tif:2908-5114,D,1625.35,VP,1,j
C06-M09.tif:2921-5032,D,90.26,control,1,j
C06-M09.tif:2901-5434,D,1253.8,MS,2,k
C06-M09.tif:2901-5487,D,1563.5,VDB,2,k
C06-M09.tif:2863-5507,D,1545.58,HDB,2,k
C06-M09.tif:2928-5500,D,1605.68,HDB,2,k
C06-M09.tif:2832-5505,D,1268.39,VP,2,k
C06-M09.tif:2947-5520,D,1601.51,VP,2,k
C06-M09.tif:2952-5431,D,138,control,2,k
C06-M09.tif:2895-5771,D,1268.07,MS,3,l
C06-M09.tif:2897-5807,D,1585.09,VDB,3,l
C06-M09.tif:2879-5815,D,1450.87,HDB,3,l
C06-M09.tif:2913-5817,D,1569.24,HDB,3,l
C06-M09.tif:2954-5843,D,1605.57,VP,3,l
C06-M09.tif:2844-5831,D,1468.33,VP,3,l
C06-M09.tif:2820-5783,D,160.31,control,3,l
C07-M03.tif:04049-01520,D,1197.37,MS,1,j
C07-M03.tif:04048-01556,D,1300.35,VDB,1,j
C07-M03.tif:04018-01565,D,1476.85,HDB,1,j
C07-M03.tif:04088-01571,D,1419.14,HDB,1,j
C07-M03.tif:03994-01603,D,606.06,VP,1,j
C07-M03.tif:04117-01607,D,820.77,VP,1,j
C07-M03.tif:04133-01543,D,123.51,control,1,j
C07-M03.tif:04078-01847,D,810.92,MS,2,k
C07-M03.tif:04075-01898,D,1309.51,VDB,2,k
C07-M03.tif:04051-01908,D,1329.37,HDB,2,k
C07-M03.tif:04095-01911,D,1391.82,HDB,2,k
C07-M03.tif:04116-01924,D,1404.95,VP,2,k
C07-M03.tif:04017-01909,D,1169.67,VP,2,k
C07-M03.tif:03991-01899,D,202.01,control,2,k
C07-M03.tif:04094-02199,D,1003.61,MS,3,l
C07-M03.tif:04091-02235,D,1267.52,VDB,3,l
C07-M03.tif:04065-02254,D,1172.71,HDB,3,l
C07-M03.tif:04112-02255,D,1182.73,HDB,3,l
C07-M03.tif:04154-02275,D,1235.75,VP,3,l
C07-M03.tif:04026-02272,D,1124.06,VP,3,l
C07-M03.tif:04003-02248,D,217.62,control,3,l
C11-M02.tif:5083-1736,D,974.27,MS,1,j
C11-M02.tif:5089-1695,D,1436.19,VDB,1,j
C11-M02.tif:5075-1675,D,1381.43,HDB,1,j
C11-M02.tif:5108-1676,D,1488.27,HDB,1,j
C11-M02.tif:5163-1684,D,1547.1,VP,1,j
C11-M02.tif:5035-1671,D,1354.72,VP,1,j
C11-M02.tif:5015-1681,D,257.16,control,1,j
C11-M02.tif:5106-1396,D,1128.52,MS,2,k
C11-M02.tif:5114-1349,D,1536.08,VDB,2,k
C11-M02.tif:5101-1324,D,1530.16,HDB,2,k
C11-M02.tif:5137-1328,D,1568.02,HDB,2,k
C11-M02.tif:5054-1322,D,1335.03,VP,2,k
C11-M02.tif:5185-1343,D,1514.61,VP,2,k
C11-M02.tif:5052-1365,D,208.96,control,2,k
C11-M02.tif:5101-1084,D,1121.83,MS,3,l
C11-M02.tif:5114-1034,D,1604.56,VDB,3,l
C11-M02.tif:5103-1003,D,1580.51,HDB,3,l
C11-M02.tif:5147-0996,D,1564.75,HDB,3,l
C11-M02.tif:5053-0997,D,1439.87,VP,3,l
C11-M02.tif:5207-1017,D,1504.93,VP,3,l
C11-M02.tif:5025-1005,D,208.78,control,3,l
C12-M11.tif:5689-1719,D,375.54,MS,1,j
C12-M11.tif:5695-1664,D,1188.53,VDB,1,j
C12-M11.tif:5698-1622,D,1243.17,HDB,1,j
C12-M11.tif:5725-1625,D,1289.63,HDB,1,j
C12-M11.tif:5671-1608,D,1379.46,VP,1,j
C12-M11.tif:5780-1620,D,1015.86,VP,1,j
C12-M11.tif:5656-1666,D,117.73,control,1,j
C12-M11.tif:5663-1352,D,1338.97,MS,2,k
C12-M11.tif:5665-1325,D,1550.44,VDB,2,k
C12-M11.tif:5675-1311,D,1435.87,HDB,2,k
C12-M11.tif:5645-1278,D,1475.68,HDB,2,k
C12-M11.tif:5614-1256,D,1365.75,VP,2,k
C12-M11.tif:5722-1327,D,1150.95,VP,2,k
C12-M11.tif:5615-1317,D,268.32,control,2,k
C12-M11.tif:5730-1007,D,1343.73,MS,3,l
C12-M11.tif:5729-0978,D,1582.6,VDB,3,l
C12-M11.tif:5705-0927,D,1611.43,HDB,3,l
C12-M11.tif:5738-0935,D,1628.75,HDB,3,l
C12-M11.tif:5794-0960,D,1266.1,VP,3,l
C12-M11.tif:5671-0903,D,1627.8,VP,3,l
C12-M11.tif:5665-1003,D,637.33,control,3,l
C74-M07.tif:6128-1855,D,1117.36,MS,1,j
C74-M07.tif:6129-1817,D,1402.41,VDB,1,j
C74-M07.tif:6102-1769,D,1433.34,HDB,1,j
C74-M07.tif:6153-1762,D,1277.25,HDB,1,j
C74-M07.tif:6179-1774,D,1438.41,VP,1,j
C74-M07.tif:6060-1767,D,1412.68,VP,1,j
C74-M07.tif:6064-1821,D,449.88,control,1,j
C74-M07.tif:6119-1500,D,1239.38,MS,2,k
C74-M07.tif:6119-1461,D,1424.43,VDB,2,k
C74-M07.tif:6106-1428,D,1389.79,HDB,2,k
C74-M07.tif:6143-1430,D,1361.53,HDB,2,k
C74-M07.tif:6068-1416,D,1440.68,VP,2,k
C74-M07.tif:6190-1421,D,1366.91,VP,2,k
C74-M07.tif:6070-1479,D,556.58,control,2,k
C74-M07.tif:6092-1168,D,1097.37,MS,3,l
C74-M07.tif:6094-1118,D,1505.87,VDB,3,l
C74-M07.tif:6073-1081,D,1518.44,HDB,3,l
C74-M07.tif:6119-1078,D,1245.68,HDB,3,l
C74-M07.tif:6154-1093,D,1519.23,VP,3,l
C74-M07.tif:6026-1083,D,1530.96,VP,3,l
C74-M07.tif:6019-1130,D,884.43,control,3,l
C83-M11_First.tif:1370-3495,D,831.32,MS,1,j
C83-M11_First.tif:1419-3497,D,1339.62,VDB,1,j
C83-M11_First.tif:1430-3470,D,1399.34,HDB,1,j
C83-M11_First.tif:1423-3523,D,1451.76,HDB,1,j
C83-M11_First.tif:1422-3549,D,1263.58,VP,1,j
C83-M11_First.tif:1429-3438,D,1215.36,VP,1,j
C83-M11_First.tif:1404-3564,D,104.69,control,1,j
C83-M11_First.tif:1686-3484,D,998.14,MS,2,k
C83-M11_First.tif:1721-3484,D,1403.29,VDB,2,k
C83-M11_First.tif:1744-3468,D,1523.24,HDB,2,k
C83-M11_First.tif:1745-3492,D,1578.46,HDB,2,k
C83-M11_First.tif:1746-3539,D,1335.05,VP,2,k
C83-M11_First.tif:1748-3416,D,1379.41,VP,2,k
C83-M11_First.tif:1716-3402,D,235,control,2,k
C83-M11_First.tif:2045-3476,D,986.65,MS,3,l
C83-M11_First.tif:2075-3472,D,1428.11,VDB,3,l
C83-M11_First.tif:2105-3494,D,1519.75,HDB,3,l
C83-M11_First.tif:2109-3456,D,1422.73,HDB,3,l
C83-M11_First.tif:2109-3404,D,1453.45,VP,3,l
C83-M11_First.tif:2107-3540,D,1494.24,VP,3,l
C83-M11_First.tif:2063-3538,D,293.75,control,3,l
C11-M04.tif:2336-2230,E,1090.09,MS,1,j
C11-M04.tif:2333-2288,E,1524.28,VDB,1,j
C11-M04.tif:2313-2294,E,1580.48,HDB,1,j
C11-M04.tif:2347-2295,E,1604.58,HDB,1,j
C11-M04.tif:2265-2315,E,1442.92,VP,1,j
C11-M04.tif:2389-2323,E,1462.94,VP,1,j
C11-M04.tif:2398-2277,E,524.73,control,1,j
C11-M04.tif:2340-2546,E,1107.32,MS,2,k
C11-M04.tif:2329-2616,E,1567.03,VDB,2,k
C11-M04.tif:2305-2625,E,1555.17,HDB,2,k
C11-M04.tif:2343-2623,E,1524.39,HDB,2,k
C11-M04.tif:2382-2654,E,1496.62,VP,2,k
C11-M04.tif:2262-2637,E,1527.41,VP,2,k
C11-M04.tif:2274-2587,E,406.4,control,2,k
C11-M04.tif:2867-1209,E,899.1,MS,3,l
C11-M04.tif:2865-1263,E,1571.09,VDB,3,l
C11-M04.tif:2849-1295,E,1594.24,HDB,3,l
C11-M04.tif:2881-1296,E,1592.74,HDB,3,l
C11-M04.tif:2929-1296,E,1521.81,VP,3,l
C11-M04.tif:2792-1294,E,1533.48,VP,3,l
C11-M04.tif:2775-1253,E,252.87,control,3,l
C12-M05.tif:0912-5115,E,778.37,MS,1,j
C12-M05.tif:0916-5083,E,1328.33,VDB,1,j
C12-M05.tif:0925-5051,E,1370.53,HDB,1,j
C12-M05.tif:0889-5046,E,1289.35,HDB,1,j
C12-M05.tif:0837-5014,E,1032.87,VP,1,j
C12-M05.tif:0974-5016,E,1274.43,VP,1,j
C12-M05.tif:0849-5081,E,89.7,control,1,j
C12-M05.tif:0973-4735,E,783.54,MS,2,k
C12-M05.tif:0971-4695,E,1206.6,VDB,2,k
C12-M05.tif:0999-4662,E,1021.74,HDB,2,k
C12-M05.tif:0934-4664,E,1093.44,HDB,2,k
C12-M05.tif:0886-4641,E,947.32,VP,2,k
C12-M05.tif:1025-4666,E,1084.53,VP,2,k
C12-M05.tif:0896-4704,E,16.2,control,2,k
C12-M05.tif:0950-4388,E,565.46,MS,3,l
C12-M05.tif:0950-4357,E,1030.15,VDB,3,l
C12-M05.tif:0901-4322,E,1048.8,HDB,3,l
C12-M05.tif:0955-4321,E,631.3,HDB,3,l
C12-M05.tif:1023-4290,E,694.34,VP,3,l
C12-M05.tif:0858-4312,E,877.67,VP,3,l
C12-M05.tif:0850-4349,E,35.89,control,3,l
C52-M02.tif:6532-2159,E,1324.57,MS,1,j
C52-M02.tif:6533-2106,E,1520.75,VDB,1,j
C52-M02.tif:6514-2086,E,1406.51,HDB,1,j
C52-M02.tif:6554-2082,E,1513.1,HDB,1,j
C52-M02.tif:6479-2074,E,1412.72,VP,1,j
C52-M02.tif:6594-2075,E,1567.83,VP,1,j
C52-M02.tif:6468-2103,E,672.88,control,1,j
C52-M02.tif:6524-1786,E,1336.76,MS,2,k
C52-M02.tif:6524-1738,E,1465.95,VDB,2,k
C52-M02.tif:6507-1724,E,1340.17,HDB,2,k
C52-M02.tif:6537-1716,E,1378.51,HDB,2,k
C52-M02.tif:6589-1720,E,1531.2,VP,2,k
C52-M02.tif:6460-1712,E,1472.62,VP,2,k
C52-M02.tif:6468-1756,E,577.18,control,2,k
C52-M02.tif:6523-1413,E,1288.76,MS,3,l
C52-M02.tif:6522-1361,E,1447.38,VDB,3,l
C52-M02.tif:6505-1340,E,1503.02,HDB,3,l
C52-M02.tif:6532-1338,E,1529.37,HDB,3,l
C52-M02.tif:6462-1357,E,1411.97,VP,3,l
C52-M02.tif:6599-1344,E,1511.04,VP,3,l
C52-M02.tif:6439-1364,E,657.61,control,3,l
C74-M06.tif:4003-2239,E,954.63,MS,1,j
C74-M06.tif:4001-2271,E,1373.03,VDB,1,j
C74-M06.tif:4000-2315,E,1394.77,HDB,1,j
C74-M06.tif:4040-2319,E,1427.08,HDB,1,j
C74-M06.tif:3944-2342,E,856.92,VP,1,j
C74-M06.tif:4109-2341,E,1401.33,VP,1,j
C74-M06.tif:4100-2247,E,794.18,control,1,j
C74-M06.tif:4009-1848,E,1079.13,MS,2,k
C74-M06.tif:4029-1884,E,1387.94,VDB,2,k
C74-M06.tif:4009-1912,E,1348.03,HDB,2,k
C74-M06.tif:4042-1937,E,1452.51,HDB,2,k
C74-M06.tif:4085-1937,E,1419.77,VP,2,k
C74-M06.tif:3971-1930,E,1358.06,VP,2,k
C74-M06.tif:3973-1881,E,237.87,control,2,k
C74-M06.tif:4010-1494,E,1053.33,MS,3,l
C74-M06.tif:4015-1538,E,1355.78,VDB,3,l
C74-M06.tif:3989-1612,E,1373.16,HDB,3,l
C74-M06.tif:4076-1583,E,1432.96,HDB,3,l
C74-M06.tif:3954-1634,E,815.9,VP,3,l
C74-M06.tif:4133-1592,E,1053.04,VP,3,l
C74-M06.tif:4114-1514,E,187.08,control,3,l
C74-M11.tif:6390-0754,E,1135.44,MS,1,j
C74-M11.tif:6388-0710,E,1467.68,VDB,1,j
C74-M11.tif:6367-0677,E,1605.84,HDB,1,j
C74-M11.tif:6403-0673,E,1584.55,HDB,1,j
C74-M11.tif:6332-0662,E,1199.06,VP,1,j
C74-M11.tif:6449-0667,E,1417.09,VP,1,j
C74-M11.tif:6337-0731,E,480.43,control,1,j
C74-M11.tif:5678-2662,E,1185.42,MS,2,k
C74-M11.tif:5679-2580,E,1598.52,VDB,2,k
C74-M11.tif:5650-2558,E,1614.41,HDB,2,k
C74-M11.tif:5696-2563,E,1527.92,HDB,2,k
C74-M11.tif:5758-2540,E,1304.91,VP,2,k
C74-M11.tif:5612-2547,E,1314.23,VP,2,k
C74-M11.tif:5611-2630,E,488.64,control,2,k
C74-M11.tif:5703-2306,E,1218.09,MS,3,l
C74-M11.tif:5701-2225,E,1399.68,VDB,3,l
C74-M11.tif:5685-2206,E,1366.81,HDB,3,l
C74-M11.tif:5707-2203,E,1459.99,HDB,3,l
C74-M11.tif:5755-2206,E,1375.23,VP,3,l
C74-M11.tif:5652-2209,E,1527.89,VP,3,l
C74-M11.tif:5619-2200,E,227.4,control,3,l
C83-M01.tif:4087-5613,E,639.12,MS,1,j
C83-M01.tif:4086-5664,E,1047.34,VDB,1,j
C83-M01.tif:4073-5694,E,1504.25,HDB,1,j
C83-M01.tif:4105-5683,E,1345.88,HDB,1,j
C83-M01.tif:4137-5701,E,1217.52,VP,1,j
C83-M01.tif:4035-5713,E,1030.43,VP,1,j
C83-M01.tif:4040-5660,E,44.71,control,1,j
C83-M01.tif:4662-4902,E,737.47,MS,2,k
C83-M01.tif:4670-4962,E,1325.8,VDB,2,k
C83-M01.tif:4640-4989,E,1266.22,HDB,2,k
C83-M01.tif:4685-4977,E,1236.2,HDB,2,k
C83-M01.tif:4612-5000,E,1306.04,VP,2,k
C83-M01.tif:4719-4987,E,1335.85,VP,2,k
C83-M01.tif:4603-4937,E,172.09,control,2,k
C83-M01.tif:4662-5701,E,1066.4,MS,3,l
C83-M01.tif:4663-5744,E,1328.76,VDB,3,l
C83-M01.tif:4642-5800,E,1475.49,HDB,3,l
C83-M01.tif:4678-5791,E,1498.62,HDB,3,l
C83-M01.tif:4591-5790,E,1260.12,VP,3,l
C83-M01.tif:4731-5789,E,1390.29,VP,3,l
C83-M01.tif:4602-5733,E,215.41,control,3,l
C83-M02.tif:2146-1507,E,857.47,MS,1,j
C83-M02.tif:2148-1474,E,1238.9,VDB,1,j
C83-M02.tif:2137-1446,E,1607.63,HDB,1,j
C83-M02.tif:2160-1444,E,1496.69,HDB,1,j
C83-M02.tif:2185-1440,E,1362.13,VP,1,j
C83-M02.tif:2177-1457,E,1296.34,VP,1,j
C83-M02.tif:2087-1505,E,349.73,control,1,j
C83-M12.tif:5048-2083,E,1220.11,MS,1,j
C83-M12.tif:5046-2047,E,1187.71,VDB,1,j
C83-M12.tif:5067-2016,E,1286.02,HDB,1,j
C83-M12.tif:5018-2014,E,1305.24,HDB,1,j
C83-M12.tif:5003-2011,E,1467.78,VP,1,j
C83-M12.tif:5105-2014,E,1568.82,VP,1,j
C83-M12.tif:4967-2041,E,765.94,control,1,j
C83-M12.tif:5052-1762,E,1382.72,MS,2,k
C83-M12.tif:5056-1717,E,1601.04,VDB,2,k
C83-M12.tif:5043-1695,E,1579.84,HDB,2,k
C83-M12.tif:5066-1695,E,1570.98,HDB,2,k
C83-M12.tif:5119-1702,E,1605.05,VP,2,k
C83-M12.tif:5010-1692,E,1552.31,VP,2,k
C83-M12.tif:4971-1788,E,753.86,control,2,k
C83-M12.tif:5049-1447,E,1131.53,MS,3,l
C83-M12.tif:5047-1414,E,1507.7,VDB,3,l
C83-M12.tif:5033-1387,E,1501.44,HDB,3,l
C83-M12.tif:5059-1383,E,1457.38,HDB,3,l
C83-M12.tif:4996-1384,E,1503.1,VP,3,l
C83-M12.tif:5115-1387,E,1365.67,VP,3,l
C83-M12.tif:4987-1431,E,386.39,control,3,l
